Sample_ID,Temp_avg,Humidity_avg,CO2_ppm,Light_Hours,Nutrient_EC,Yield_kg_sqm
1,22.49448142616835,55.91272720752576,854.9579175574136,13.739008389796881,2.0109062498719377,41.23969751655373
2,29.408571676918996,59.75066186611855,414.7521498752809,12.425050156754041,1.6075678332714765,32.21668378855945
3,26.78392730173686,56.19536694968614,413.27413091739834,10.119508451012384,2.114443342342848,33.299084592103036
4,25.18390181036444,53.10458868149695,594.1661314897248,9.779213487725931,1.9668262425950904,29.067388009422697
5,19.872223685309237,54.22225548852103,693.1859142427995,10.098219378475097,2.515680959602514,33.5253068330957
6,19.87193424403443,66.1272568811454,862.2444506846759,12.647921187087091,2.4086688741790354,41.22291187523456
7,18.697003346018395,57.221680144202736,809.977225963903,11.968223666422485,2.04689059229631,33.16506218798042
8,28.394113749299223,62.74944513668264,667.541623826049,9.111173407204808,1.826838831382485,34.20767184856615
9,25.213380140918506,67.61960447991999,564.1759997689995,9.044656012004506,2.9820539492333875,36.80680577785611
10,26.496870933552547,74.1638190020278,998.2747000946267,8.590373898280383,2.1810024317941723,36.337367579055595
11,18.24701393154963,51.37592489443846,655.7087813415837,11.96181631820803,2.532411353670356,24.89813519416679
12,29.638918225943932,77.97936396181649,670.8322145978052,12.586235973330416,1.710829451367541,24.1596640979918
13,27.98931168960506,71.97651363218176,498.1742927150015,9.590278569950025,2.2283845494890966,30.287558974706126
14,20.548069328139313,52.86156611821052,876.8857292499576,8.125669766185476,1.5413050798041983,30.100239957766714
15,20.181899606485207,80.5752518437372,816.2093354688932,8.493030004858564,2.258182676865675,23.829961666965332
16,20.200854118241207,82.23053401861347,532.4617676732562,13.807160209070183,2.9460261106765535,28.620528156608586
17,21.650906915514454,52.13772859492023,449.42862736950565,9.772668664864522,2.0763100694787004,27.402354847640222
18,24.297077179586854,59.69071768515213,808.2995812448278,12.615338887028802,1.5584940188623673,37.72832485398697
19,23.18334022370539,78.21704479275715,792.7067285686811,11.747981413125583,1.5464336863790153,30.238234365656066
20,21.494749682376504,76.18908916342804,563.9557161989255,10.291637837917374,2.0819801399203044,33.31774591738055
21,25.34223473666855,56.458235677473205,970.5181373502462,9.234123573173331,1.740037404694791,36.182696854746425
22,19.673926327824503,57.32722631678486,490.6347350685401,8.728318508956438,1.5350281444922789,28.10914847199397
23,21.50573578242262,62.96652359769837,659.4008806255612,11.6900778082332,2.634320420925265,41.17108335215345
24,22.3963421195243,66.95830448168574,966.1695521005594,12.647802683826729,2.187784513322836,44.62842267813505
25,23.47283981060443,71.63891700356035,651.8363901556734,11.863425521246784,1.9338671579589817,40.14319968705379
26,27.422111536716162,62.911977384942034,783.1155685984513,11.18181279949495,2.850124774524721,43.06645545348941
27,20.396085385900317,66.18871506466017,638.5566387776765,8.251707340589817,1.6742084403007884,33.51256556442884
28,24.17081326096334,76.16148283468148,564.529121409202,13.810932665566302,2.9338782434329786,36.05692606227402
29,25.108974826344507,51.28391210117093,990.3865887758969,12.792285149927448,1.9709500760660292,34.0908083981086
30,18.557404952639974,58.835293052040726,645.6004037890258,9.756932220205789,2.832605508463022,33.593428001908855
31,25.29053822281726,74.96723550595934,936.4595222074806,13.879821976153103,2.404414314719192,39.24852639120641
32,20.0462894842475,81.33223931905198,537.9727635346517,11.611289537817932,2.740061039612231,23.70490149178761
33,18.780619115823356,67.90871047404832,527.86282241505,11.49453594924348,2.976019744815696,36.65229892408997
34,29.38662644704,68.62397198428604,418.6804497307068,12.488439076577192,1.9326081567281186,32.88777308809508
35,29.587584396894712,53.75102039689216,791.000095225531,12.870618728540826,2.9417032281113897,32.74381419684579
36,27.700768177397535,65.65943283882092,621.1158062342568,11.938871643989016,2.0842228423536304,37.02584542928472
37,21.65536523008045,68.64160432592581,918.6149499037822,8.7685744781972,2.0782678571053834,38.328178656869326
38,19.172065368076606,58.48646762721554,683.9259440149343,10.029605035966991,2.0105806563817588,31.355058248451094
39,26.21079631814588,59.423513083228336,980.9160567488331,13.568501841956298,2.3121114110213776,44.6421718672802
40,23.281829924875215,63.204945708661796,511.3153094218727,9.347693671063112,1.7312175647677306,38.12010004653321
41,19.464458818137345,50.702491922220425,921.1739007733664,10.233002143025079,2.3305672280370167,25.301065787461877
42,23.94212292133524,61.27277079541124,865.9581116750451,10.592461297665176,2.312557218615006,40.152724989124
43,18.41266225338262,57.40068024487906,862.5531067864313,10.636429938166714,2.6428527189073048,31.70439805729099
44,28.911844824945383,61.46240732622701,906.8699368701326,11.677637494967154,2.7504749429063784,38.21501268294194
45,21.105359779200203,54.19167461367379,856.6143945657993,13.658455026468246,2.160662025468636,36.9052395049243
46,25.950267412247783,81.16845482589632,775.7321929788493,9.44415627099503,1.9534998740272407,23.583224874539
47,21.740532913072933,70.7757358743917,478.74692660943253,8.729008257805509,1.8890023459756418,32.33680444223345
48,24.24081625413373,73.76858117005713,419.51570769475114,9.184822939159623,1.7919357550573078,30.740370355877662
49,24.560523352119354,77.62099335125684,952.5087086894121,13.321549401255616,1.5864713732985374,35.859232613712415
50,20.218253466306326,67.445476962517,769.9901887124429,11.874864875931236,2.01367196825207,38.82615707649131
51,29.635015533174702,53.04221008305983,877.9223745857057,9.71544073543496,1.9053715381961749,25.94798117735383
52,27.301593880333375,68.79872896364917,688.9134109075301,12.895681633811703,2.949626078799611,41.85509574580458
53,29.27398729877027,70.53943913073077,470.3849133774367,13.168219978180616,2.336563239375066,33.53860755926723
54,28.737928205131787,76.09038159645155,475.1114753215303,13.079086032141667,2.020915558545761,29.57745452923284
55,25.174799745733022,65.10808411803878,811.3391723373828,13.513559201837326,2.370701401490544,46.813233302183335
56,29.062490820277404,54.465310597844734,658.1835369396777,9.51344612104017,1.7087950520185433,29.435502311112735
57,19.061910024623035,59.93215670295535,520.314836020202,12.53025157247767,2.1660656238033043,32.744439002354675
58,20.351794349029742,62.70788037395223,694.9567280448621,10.763236983644841,2.439351482131596,39.664972928427076
59,18.542727466926458,72.60710344660605,438.52536224508043,13.05199131734037,2.2333467476886772,33.205690942109996
60,21.90396396915917,69.97724066341192,749.1828411486392,12.370944062969679,2.102668200981486,38.54426831559396
61,22.664127476273784,62.46338540642462,561.3960426610586,12.658684678998348,2.990772583349547,43.910450716646835
62,21.25618838128675,84.52803370775429,878.535460382313,11.936971026086429,2.8204721432233906,26.556730377857047
63,27.94485010982315,71.20211867749106,586.2171753541443,9.064572616818241,2.43510893723916,32.216125609422335
64,22.28103992032307,58.30293771075981,673.1320894490807,11.27016151338163,2.3540660417734243,37.20361603414555
65,21.37121411624857,53.56238654171413,406.97232394486036,13.90801843714705,2.430990719736876,35.45391105901841
66,24.51235299789898,55.35006987145162,443.4681326767353,13.624328398982714,1.8019681617336498,36.013245297886414
67,19.691090699697153,58.60852049345779,635.496133844011,8.25904241478207,2.092706614896478,32.82019780838171
68,27.626363769048474,55.62384806408445,687.9633008302741,8.988888894376622,1.559189299336349,30.97684939116063
69,18.89460772415725,56.529845841795705,760.0123288715822,8.790372640727371,2.2133190562302403,31.31059389836087
70,29.842643239206208,59.97833090428465,574.9975472255819,12.355879459911772,2.314536875936495,31.42875185962833
71,27.26693723155989,56.06807583531642,816.9891316759256,12.90671197914167,1.8416246041548143,38.203452665780745
72,20.38458817841007,81.38678986192488,916.0734383135227,9.281068197864032,2.9460432707482704,28.7604574232155
73,18.06626540548323,52.808181098157476,867.9105933360099,11.035116157710974,2.864181916405863,29.217394309141316
74,27.785537141458008,68.35789863495891,423.7712952090143,13.0442181680672,2.5832148531838586,38.092955969166894
75,26.482288126171404,64.36388894463815,688.3041683546974,12.396809268597504,2.300079943148044,38.86451756060787
76,26.748086016491847,84.38325159180123,462.9581070509049,11.25342323295109,2.8049537394715274,21.319594784407947
77,27.25524416023135,53.92136157588183,545.2270095175165,11.542086142752638,1.6959785157351943,31.591591681365276
78,18.888535820809086,63.92494596660096,991.9975559602879,11.05016328149768,2.685764691412327,39.21905233429532
79,22.301588742531273,83.93146516463791,485.49732574090797,9.785290707912923,1.6872312209502724,20.098409511336087
80,19.390428714301557,80.29274940628932,699.3328920708136,11.390131957154097,2.6913159938241082,26.12991732833032
81,28.357241110507122,78.5975224832248,770.8934405908715,12.133311812300544,1.9136513523770353,29.676424522471596
82,25.479577521930693,59.026598946572896,821.4789823264623,13.239937495164845,2.8156358715272836,41.77546283910538
83,21.97077629823179,55.981065558652304,735.7892100921484,11.81774812387549,2.916063140738097,38.886507928529056
84,18.762700203432285,73.40251269735509,405.8625084515102,12.566729222258948,1.7231939541076735,29.58743705277374
85,21.731787860587946,82.5281596194655,595.8767849463951,8.960429809727438,2.1940134075980904,22.263620266234206
86,21.902199864320963,69.48670125548755,710.6269860308269,10.76934484651874,2.971481067244028,40.36516103532284
87,26.75527414005677,70.0064441314465,452.71989948690003,8.055989718962559,2.2251111539597197,33.46618767491543
88,25.650689656262557,59.79926827810995,610.3761587255085,9.480073187129738,2.795321283771818,39.74511331440053
89,28.64655291091592,76.9322526617178,419.92186527481994,12.358770290678029,2.38309728319698,28.347841566002096
90,23.66657910194339,56.54653119951332,447.14709829301245,13.95085970809618,2.0629948618794027,35.28528139012889
91,19.43513095125962,61.32877327414853,638.1539657209577,8.595068597523296,1.9286753332888054,35.445356483008894
92,26.55893744667594,64.89027535157459,479.62945242583623,10.408965895167729,1.8048346366291308,38.479138488542524
93,27.12942058340277,67.76636325395593,740.5245089569348,12.800425812194957,2.6426972870665457,39.771635557432006
94,24.735326370833953,58.48434063452781,813.6789814823594,9.224213807773394,2.0798107602345417,38.81448106463704
95,27.25160615945473,54.01928886587213,880.3520194654498,11.330509695813717,2.266913193301127,34.00970633558297
96,23.925547156372687,71.37170148545714,520.0901465468861,12.39842777617805,2.2384882200017726,39.279719907762676
97,24.27279395258393,60.10206936340895,500.48954935544185,11.695912701561074,2.3659185438496966,39.67200084523685
98,23.130492220302596,70.34333774979143,462.74070420064015,9.128148407692496,2.7983657184368282,36.982790124937786
99,18.305029520929143,55.40269503459708,781.8581497261821,10.132307412114436,2.971109015375144,30.53411502732563
100,19.294697123919654,66.83990356491861,823.8854358921408,12.702750706912383,2.1113763128607257,37.66895103949569
101,18.37715022824081,68.6406301393055,418.95168689538525,11.3253590847921,2.7412783831594547,32.03734745443729
102,25.636924935165364,51.813823788784944,961.7273477462139,8.031377681257476,2.6467916919820764,31.061637810377043
103,21.77227177291592,61.78114973678722,431.18277019088345,12.565944560168564,2.3602934271833598,39.04817393696446
104,24.102848293976432,54.7045136928641,724.7778011806422,8.211868129641434,2.9340707154178998,34.148473061665136
105,28.890797687113114,52.21812396654687,825.4363116705499,12.474402696387394,1.8007117732926041,30.402512301931125
106,20.9915067497865,84.64860813364808,922.5814742476514,9.214883360991424,1.6638963154644322,20.951060433739347
107,22.924595076427558,61.282384574115305,828.4521592794567,13.74844088071628,2.780942950433133,44.16115920824051
108,27.066613662516584,78.34560560491222,881.0368498418751,10.207644507812507,2.1587247249506225,31.205010099825977
109,20.74557798589947,58.912422916731735,603.6701155256836,9.961589698028474,2.7704532813105907,37.4992702547529
110,18.923758917945516,73.85259527783752,888.8950682479074,8.893328301994668,2.8396353077931225,33.850180831353086
111,21.477017434965216,76.60797509613903,448.0689078308051,9.833625292941289,1.5936863904286072,28.522620407916158
112,19.93465544704805,70.84735592127456,936.8899936363166,13.259904570969203,2.825197144479091,42.59106672135368
113,29.156371828110878,66.50516659925555,728.5554256922417,13.978006025763484,2.1724785830541333,39.13230830485856
114,27.697444554773003,64.4144319951544,890.3786619774962,10.209857183041091,2.265648733506348,37.36816521929282
115,25.600845078125083,62.21038932900483,671.3909707109801,10.691663785727256,2.4398887666398155,41.495443808407856
116,28.45752708225261,82.5335200486739,786.146617117915,12.332425629216422,2.8895739100951303,26.59810123171045
117,27.644064922789376,79.07167927257052,715.841596561668,13.317174682790448,1.528674141644646,27.832496475043165
118,20.23884070663243,83.77594187332794,838.9537130531992,11.558266005120705,2.2152652024767256,22.25307536085093
119,28.710707981879732,54.35040282199407,448.97798921835374,10.349154189066976,2.531583063645841,30.15116389143963
120,24.47210690298781,75.58036163212755,436.21125039433826,10.475731045091742,2.5840604365473427,33.42224870683701
121,27.68928186196875,82.84191598873633,548.2619404060879,12.173708878980841,2.538798647305662,24.66003876537805
122,28.753095599081917,56.34315731579811,495.726808067913,8.019309581625672,1.7016526941121828,30.71770374746254
123,21.816041699662367,52.32736935783721,923.070139955321,11.717536024759044,1.9490933825575218,32.64038480821015
124,19.32062309433212,75.93922272515206,531.5283924148266,10.132958062648145,2.03807328812552,26.032862374701335
125,20.735221950503302,70.10655896129691,985.5191534914787,12.765183987662505,2.7066558115192576,43.15958387527836
126,23.125293463515078,79.46400718653952,602.1374750626641,8.557943838938794,1.9181398086218295,27.783545035182787
127,27.81617719106992,54.892033181920134,509.27074941321956,11.529213601690344,1.8160574458008047,30.623110960063286
128,28.328766999076123,77.83435591509615,873.8191042854875,10.885837339316742,2.936172028557144,34.324448171817096
129,18.083425566374288,57.056956201671056,795.2246653005257,11.853953155431364,1.5132949276702035,28.64991593704779
130,24.128967630930788,55.72795800029966,698.9174298718833,8.38912156689781,2.9967312835229674,37.370890320361994
131,23.00893203778535,55.74930292758475,733.2181305625787,11.479902724568788,2.515231948286093,37.10173317876418
132,20.665293725648763,78.51011520809837,831.5210669633583,11.368907527757141,2.7427039491736753,34.96979820888939
133,19.438384408004193,73.281902724367,537.0728447987792,11.363960566497026,1.9419290945192897,34.77658003566623
134,22.051382056843536,68.30728986691918,997.8003496340451,11.620925999578729,1.52147291650059,39.78860291540009
135,29.314916446950228,62.55906694432259,984.8758972880698,12.058807623358174,2.6068042778422953,38.477033953342435
136,21.878435184249064,80.70201892845878,790.1954118081621,12.829933998084618,2.7512168955010137,32.80805058699333
137,24.22548746092039,63.73557875979224,519.7254705574871,9.618924320769286,2.6107141979302786,38.67081820065279
138,26.436227506742135,78.5809803815052,808.1369454587748,12.950296461080372,1.714275430951258,31.92874183005947
139,22.363555228551526,65.36972179995765,443.3190453875055,10.989534093580723,2.6301418833854537,39.50814537813154
140,29.661384992651527,63.193055029871765,418.3915013234836,8.462349674805987,2.6533841731614616,28.143688903262852
141,29.549367539305337,66.19379249843622,554.6097331067282,8.351305575463876,2.4878107735050823,31.92147015366738
142,21.021387549904368,60.548225595744974,677.5737740435898,10.005429912176364,2.6491738991933795,37.24847900730269
143,23.966982070708625,76.1663283061688,920.9635032450283,12.709381862668806,2.768882159516598,38.75411043876573
144,21.610539717801235,67.59521365323677,836.3014418597847,12.246085608445494,2.4204061713561877,44.449691232734516
145,21.41808593252961,58.1274443301386,845.6239127199887,12.731689788034439,1.6329070709545186,36.72616232483082
146,18.442643368254394,81.4851100646099,655.2960006688452,11.103614338649656,2.231441714500816,22.269247737912956
147,25.314772007758762,63.436192748062396,607.5609955281777,10.641193987732944,1.6164740020074075,37.59230342016804
148,24.032148278746337,69.0243501389896,622.6232577907616,8.884715160237704,2.1113145465486465,37.02589941574333
149,18.617745014999873,81.72652388375914,992.5897382416347,9.969156521655869,2.1106597336884416,23.592602147312036
150,21.343757570839337,71.84832985698972,424.0655148474895,10.60411619704325,1.5990147662103624,33.68773669349657
151,28.899190631599843,54.091431424792745,920.2188976734691,8.531602578077703,2.0232308009542193,30.203932812921437
152,20.874742688003668,82.89412432647163,747.2052451434361,9.323671716267267,1.6664971481869721,22.02403544325626
153,19.738738465094677,71.96978185749963,663.1692515137543,11.589351764382432,2.7123528150138334,35.95912713198454
154,23.873433123330756,61.721696512998015,835.1545962490819,12.41397868543514,2.9215320389467063,43.69872505999099
155,29.827805449327208,54.87452254321855,692.0013648548218,13.990085068357697,1.608474712886908,28.60162051531003
156,20.904663258138005,77.79088162446035,924.0539428489964,13.598679988061345,2.932672810937552,35.62825521877059
157,26.06562656887054,71.70254645749797,940.4211184067551,11.85539119721115,2.283864899005118,45.22695583506925
158,27.139435383944612,68.67113821917125,653.0325561240733,10.527488319764432,1.949348516930811,38.7943169030071
159,20.851650527908795,81.28624040678352,566.096678341031,11.817064188249397,1.6152931129142454,21.931250220065476
160,26.738596183342317,77.60090239285857,755.4101971560174,12.713909708481392,2.250936402105627,31.690335518229244
161,22.41339759263104,55.30862079064629,947.4180073700146,8.710017145540323,2.691773316736123,37.67098888557599
162,25.587669967122956,60.91027237284419,526.3973134034,10.45942933817773,2.5606297159000473,39.50670360928731
163,25.602356529130738,58.6971198935063,773.7799501380896,13.038813713813703,1.5753390171959607,40.18702106837171
164,24.4292962088971,76.0381202400437,778.9361320555123,10.302997711598264,1.6093527530518552,33.016271220503825
165,19.0834772406529,51.17363521575228,839.8678134491686,11.43123362736312,2.1043099239489558,27.68678882609831
166,28.023629947070855,69.94613897049608,478.9406110763559,11.52661616517319,1.9429357410719148,35.09350395021946
167,21.84936077966083,76.68605400092417,829.4949788092531,9.106857518801837,1.8485764845840718,31.829169601457846
168,20.238222124798252,80.68679728666123,945.4195123993846,10.17341264991373,1.9215067483630703,23.06026878379222
169,18.489301698657165,61.97286120505676,507.8098653221452,10.007067732451592,2.705224114945327,32.955463105407034
170,25.0907153182589,78.74400566352045,542.5259949543266,8.157180251192388,2.893842080447781,27.956349170395704
171,26.130772342107388,53.872110793432256,982.8370564249838,8.145150583348132,2.1076540417913496,33.625750144794026
172,18.199053947134274,79.62583021070813,508.58617162569385,12.990182262054642,2.859166503198746,29.95971768148189
173,24.14511669959137,54.46210318161938,912.6310560217474,9.638424859836874,1.9822435518718229,35.925886960876305
174,20.717949302375256,63.90505516961285,695.3667138688209,11.108472597432893,2.214655479515687,38.412586652735406
175,25.742073484913398,77.90533780228438,548.3386446419063,9.792353441532638,1.8390434967239995,30.24578705436933
176,20.0923971480599,55.24710995720708,922.4499407635068,13.644075470692043,2.460714063263766,38.725269219665584
177,26.29125285722959,58.02379883314245,667.1831530015993,9.555780553194642,2.968471672762213,38.505651572295484
178,22.64082415560645,75.27883989375732,708.8904123578141,10.57794087643361,2.405239644065068,36.462445814367506
179,29.240759864840815,75.2012787791126,615.5400216398594,13.236381502907612,2.036721126170323,34.31726445976193
180,19.650251329751917,72.4401671509854,755.7705108609564,13.051601400750851,2.471726168985793,35.72372105644392
181,22.0927962126031,74.2881955563485,498.1143235510136,9.116608507077665,1.6843810176980814,32.07024881225958
182,19.361682254887068,68.99535551716586,634.6489219910565,12.815859858774262,2.832988620398098,37.20342351849494
183,29.096323419342752,58.81296706174335,981.6473934011725,10.749121320427356,2.2546259261697545,36.88875081266984
184,28.528072240571774,62.09935977263718,554.8800596206765,10.897813232512132,2.174024613059463,33.782730822048734
185,21.09529953258187,56.3559200880499,794.0419987247753,8.800879834495662,2.3787971826802785,34.170607739844584
186,25.91980855241015,81.79576964667699,595.1140385348169,8.483609082542747,2.4371757941841037,23.204438219877172
187,27.806666402414592,70.41871281681422,864.0838754119604,12.367635841842592,1.6076637093397697,39.16016336391076
188,24.66240973919355,64.02979958672739,478.5241964310099,10.978766914131798,2.5239258318351037,41.26175826505666
189,24.35580694027208,66.17020312754464,981.8926270471268,10.621104215691076,1.8628975204732945,40.109014063277726
190,20.90222749080542,83.15491688641353,672.2737248301835,12.377049371914381,2.5709289487598848,24.6279685103904
191,19.11723321367079,55.367299109062806,541.6302780078784,12.593077393946658,2.733802191576295,32.02921895478295
192,28.76658909543992,70.5180441205879,444.09804839800756,8.953449006016122,2.7059377613287805,30.421460663116438
193,28.805016685959966,67.70610376095631,501.85474305252444,11.661350896865848,2.3287514511118337,35.022619855018654
194,25.597217487279217,71.40089824021267,711.8643691336106,8.812124493666113,2.280254838466127,36.304944256437985
195,22.068357492584408,50.63385643372942,602.2019058587717,12.508250516174275,1.7143139420091176,32.93534769234226
196,22.19051489535193,80.5243368130453,897.3300195295657,11.941730937602838,2.663019225604703,32.52808685909957
197,26.711468146442872,82.62413988692643,658.5325141970836,13.739687726500748,1.9071140706700715,23.33441075343874
198,28.765323119430924,69.77966142562231,549.228563552578,8.413748098138527,2.2450431342269197,31.047729572360517
199,28.645037091181408,74.38277883569123,770.286991962418,8.342328326907525,1.926411139391275,31.30139337187343
200,27.358506550291487,82.28747834120534,824.0663301312675,9.693122448159201,1.7007425444995397,25.5021027453948
201,25.704379753851455,74.75335220096895,500.22514474056993,9.570234102415435,2.444336545337605,31.009502218210493
202,19.009679579940585,55.33886650199915,500.57152977299063,9.481872794431998,1.5814980522343558,24.024581703767943
203,19.939544569135364,70.17009260583846,422.00285616012576,13.437527483126221,2.6229678511893,40.19971243627063
204,28.78265026232495,71.23502662339996,841.8412090393842,9.497277199097036,1.9763801928916749,34.28912434371925
205,25.27714871591508,64.84457349558352,798.282716573083,9.631698356771786,1.500202039506728,37.17542661620508
206,18.110364619399554,75.7755482468653,684.7785254498883,12.556389574507783,2.2666937088558448,30.50447373766918
207,19.217658514392387,82.70284551691552,906.5022693815183,10.69843905470324,1.5702778627914047,16.608991365956737
208,25.96202122929667,82.39489795173716,883.4020917700319,12.660263341731088,1.9142543367313491,27.353123645032696
209,18.060739006154623,65.77937799914463,751.2126186380513,8.392196945386312,2.560464731183574,33.37023605329549
210,19.929696617009984,53.963331604426436,920.9627683079552,10.925427162040306,1.5940344324327989,33.16820149308005
211,24.584805472399033,84.4694419636817,523.5047260220609,8.201681601099695,2.7590077385340033,17.92486866009434
212,26.30274237231232,79.3614330256077,467.1517716386367,8.375919220732127,1.5057298839878746,23.795334509743444
213,25.823535114031205,54.36319384211434,561.8497669101938,13.438624720066466,1.8702358038028533,33.55487462931645
214,20.69123171352672,82.22946589160803,434.25211365358894,8.835472226705571,2.611356084228107,21.305093497126975
215,26.546150656170433,80.44637267217449,718.7017168006191,11.194524093651303,1.9744052245939603,26.19158092746312
216,20.8469890499616,68.15933199941253,961.9634153769769,10.46657361560424,1.6528385820990203,38.14820422922883
217,21.90479637791121,70.69464025107253,423.6061244011058,10.084059957553055,2.040350878200642,33.57223503726329
218,26.957896861416287,63.96509463545456,473.2659484060161,13.399000074123634,1.9055899295767884,39.78252461640334
219,25.795594788566575,51.9166573587711,671.3194169700612,8.130940380652937,2.7640678532408325,31.682723124099798
220,28.190680925930135,61.731903457606535,960.325010516743,11.982738117053534,1.9700218763777146,38.99380415037915
221,25.891354707604123,78.0998707009304,589.6936629860503,13.780366605281301,2.683398707664011,34.58995786519166
222,24.81970324002566,50.1621208051611,704.3408852130354,11.361009100771051,2.837808217216102,29.638753063114805
223,19.12409721393711,61.67247100919005,424.9437154302353,13.62093477219855,2.150726129364794,35.277183314761174
224,22.4125896367132,63.935904275683015,489.00592057725333,8.313547275716143,2.864914715781588,37.92063045883436
225,21.182428412180705,68.8088461028273,991.9780737753082,10.512759914444969,2.0659770809447893,44.18033348986143
226,20.927875720549004,82.19494657444662,979.0712178616274,9.560946745772307,2.9461176247351624,25.463866434682622
227,29.676126657029346,62.122109802808644,402.96398856064576,12.38492578988438,1.6339342867883593,33.79345132979833
228,22.717172696001125,62.14336206636797,971.0870712539433,13.88778254298348,2.530528899754864,47.35216307573227
229,28.704558662125358,75.8125436838412,783.4719626893002,9.539180374665486,2.240721060685393,30.60366581033757
230,25.573663511967155,65.82762793114325,920.7509767120133,11.925047608844448,2.0814732081834704,45.41063263900771
231,27.537735642499783,57.86116880289937,672.8439133803155,9.18858579655844,2.4490678181229013,35.28204603988514
232,24.031645117262308,65.83538306464428,709.3576171475502,11.39198152742966,2.5557856374514967,42.8657536730737
233,24.92284661551631,54.929995713292996,693.3079481541521,10.783594920130017,1.5065449044754637,33.697801803143726
234,23.910212325826365,56.173544527717816,800.1185545276626,13.832031977789223,1.750429633120798,41.16427644716583
235,20.342915853576535,67.44287204588178,483.79075285378775,11.651163636178799,2.569569075951478,39.45176575355434
236,26.669425383138062,64.66239073265918,417.98415392360675,10.097038232520912,2.4995781203673095,36.310771634233554
237,21.36926834929027,82.01960653738351,584.7579649547146,8.6845747093276,2.949071257693016,22.02048817239038
238,18.291791597177447,62.68378646908216,822.8084576419881,8.907480972409607,2.6415566853761745,34.11365040360035
239,25.74566755088601,70.32059225973151,521.1120712737691,9.35190157970741,2.926159061597007,36.67604165996385
240,20.125328152884588,72.12925007718357,804.0594599949504,9.505799968041789,2.55381075230221,35.73300895231285
241,29.285503012234972,50.458305980591675,981.9472276643622,13.103696347046828,1.9470783129591647,30.212405851907377
242,29.44714292403105,73.22380802058487,456.34042947365106,11.36733672969515,1.6580473833762848,28.024668343389266
243,28.978372682645382,56.2312588404413,803.5612709350758,11.140345468246199,2.6727357950174033,34.271025514849434
244,22.441904403065333,83.63746111143092,666.2501315827427,8.688613231215305,2.466223832213874,21.549066431660556
245,18.18547939834641,55.20319547135895,920.8853526265032,13.16083816009661,1.5722790185899442,32.854582120850864
246,29.139822751052705,64.51184433044583,506.28987366843154,12.336885819250902,2.0400756988514672,31.587901092491332
247,23.138209779807774,52.98723838275254,815.5755713356987,8.406010171400009,2.9351997232264293,33.154104030499234
248,29.599857828524037,84.89059881460815,902.8691737888662,12.247010583378612,2.250601718565302,18.135215150063193
249,29.563439725071035,67.57682536159349,966.7685316844139,11.261229304055878,2.149093704029557,38.519733559732515
250,28.23611346560832,70.83847560620154,809.9488169737874,8.49035207448067,2.1865494077389407,33.5561059219988
251,21.533386704835028,52.34767670859496,698.3048584050564,10.74980384917194,1.8133240860077455,27.75884302436331
252,22.621172743223102,76.24861646397122,770.7083441207283,10.908177722780282,2.0530607562971928,35.33844422467787
253,28.213640058202284,57.346695758345504,921.3429906872309,8.994647240979655,2.054719883980765,33.17007677030928
254,21.803064061875332,81.43190013042498,742.3658479832977,13.674188882001694,1.5785325302812085,25.941855516677624
255,20.03391296023311,57.17988741687025,418.23223581810214,13.099852228883972,2.6513514427768774,34.62390809287016
256,24.681615149500203,56.67407022322833,958.5692173041866,12.01413402397465,2.1247566478558184,39.95740276837415
257,29.23385728992937,51.279238374683324,813.7160506189366,10.773773366003644,2.7332698302246348,27.24056460790154
258,26.352357560099676,66.52234307884997,805.9080314663479,10.47059324950705,2.775522001679843,38.278660454240395
259,24.84073404107238,69.76943966419157,529.4050914386303,11.905840802905725,1.8179910820479872,39.56232997349309
260,19.16611792524922,52.299802379992336,795.3312821395944,11.272591216441434,2.486030223255193,31.897336310088313
261,25.380086720390036,77.14346658432537,636.3186433924951,8.373638635291314,2.2084227062444723,31.371046766131858
262,29.88064620125116,65.86510921618097,790.7397862248952,11.075015892621991,2.820235106882228,34.6836712080733
263,19.681008182838287,68.3536594264653,463.95581818479445,12.838421703397037,1.8236110187646812,35.22992668374817
264,24.21995582836484,65.42669614283798,794.7071827618216,10.75543926558175,2.5167198004650664,42.30079073623465
265,28.528476863135467,64.02670713063641,999.6482354624,8.31173946532561,2.411628183379084,38.25622795481448
266,26.889223413050452,69.58741159578763,428.9272233163336,12.717669196304199,1.942952216357749,38.015471693613826
267,26.364188891943215,55.43340860757494,986.3045105327903,9.208182692815846,1.704901355476759,33.64493183148214
268,26.42980900784531,56.367484567334486,644.1447764337224,9.551725009328234,2.4774596407159146,35.15954265859366
269,22.313893814637062,80.1624967354731,922.4520702023555,8.988238120593776,2.607896187198496,30.611035768746888
270,21.52310213117392,83.11404117467714,869.431290434964,9.981290389228985,1.973441015645025,25.423018701704535
271,27.712333865742163,63.065826069791356,740.2097565920008,12.54050903413181,2.4672489060334706,41.48968227251323
272,27.721360736150167,59.476063560024386,843.0695255507959,11.116315157023624,2.092696361417255,38.8691669449775
273,28.404867822961243,72.53998401336555,927.1093367808087,9.229287644904275,2.5698103249239264,35.5503592752219
274,28.958886630677654,64.30569598843337,642.4841929906198,13.266980468912244,1.7988229123410797,38.750687738397346
275,24.136108786331253,50.88852244811207,596.2198969379432,13.277491129709176,2.8353225039542616,34.462056590851546
276,24.018195536246395,55.46534090781666,800.5560313381509,13.22347055027604,1.9311143946983695,37.29617345172363
277,27.579542147601302,75.05902800965892,884.7075651647551,9.432777268289236,2.0516789816342293,35.179585849805754
278,25.79956716933318,73.0623379668553,857.3710808659695,10.707436065085929,1.5871379281205247,37.612607760636756
279,26.42360252709244,50.94835973762192,878.6881893151807,13.90993793684525,1.6672683184819146,32.00485487716422
280,27.549512033233214,57.76902566765323,661.3499888877598,12.632074857859942,2.273792854068492,36.49075334268203
281,28.680064101810796,58.0876178805825,890.700529705013,8.163004527353358,1.9013890150919572,32.900992840045404
282,22.05594188221843,73.5162460259555,472.1254332223651,8.391227547562952,2.753220338613292,34.524741586227556
283,22.50699543167933,50.68986882140275,726.6934587765097,10.783588260873996,1.5220400829824308,28.935010465263222
284,19.127783278090426,53.64380036946008,403.4551962988729,13.455321235169361,2.068641073007904,29.78013371524269
285,24.939361691954087,77.99706298806163,594.7514979401622,11.232210787716285,2.006018320153639,33.809321161270375
286,18.431307285560905,56.249063171901675,619.8769209228387,10.986875048205741,1.5289914463764016,30.24598377702342
287,23.587176217589523,72.84611377481562,637.7036149655532,8.632842199739784,1.6865525985007652,34.261362019207375
288,24.51173561649092,58.33639733663543,817.2803240139174,11.940680628345763,2.120464012377953,41.7254263687216
289,21.438495025539414,53.48044874657708,633.1348607622074,12.932618963601353,2.23929687667117,32.80662768887635
290,25.08999912682813,58.51102668498089,669.2161735735184,10.282520045045374,2.106434620882304,38.12801620280624
291,18.366002999268595,75.27934261494806,542.5264785245965,12.653671105551965,2.2964065176181405,32.5518629712141
292,18.448178264990574,79.94937638372,623.9510749776041,13.786859923404869,2.3926975123585223,25.71571984012209
293,27.871206727915897,79.0576952598447,536.3617763578909,9.222598754766135,1.5148857316917534,22.22880841946813
294,22.322287696935156,63.90142353664592,443.9175542610662,11.139977787168448,2.1961427391802557,37.466256730938376
295,19.524726151822616,73.38297977997262,762.0691560288267,9.722827748507454,2.9452488613313825,33.056438116394624
296,24.266919120657654,57.17445033955374,800.9276791330097,12.757126514203037,2.278548420194323,39.33185294634101
297,27.23992263718333,60.26017055913546,771.6942076057687,11.465560195286944,2.51631340118843,39.004860296279524
298,20.589852329962117,81.37175364823919,678.0964262803434,11.807494505301822,1.9677957868753249,23.135118101210107
299,25.474685709828,50.45506732287576,627.8714681075379,12.787484957695364,2.6609870672291436,32.19491045812539
300,19.024169579925214,52.992798579906385,918.0001897430951,10.375822835974729,2.6593822228141724,32.52369141703419
301,18.620180654023294,57.27601893011096,711.4490710817308,13.490540410442259,2.2819440714812087,33.40481942906526
302,24.376255578817776,50.92862713558369,687.5091265778385,11.19817320347684,2.9640207349188206,35.33891625192169
303,24.48762145932128,56.35024022814291,415.3852394838614,8.947728937012087,1.68832532214398,32.57456725427313
304,25.649158817978478,70.40645463393923,604.7486965756938,12.175394709012814,1.5254214973343716,39.14983688566371
305,26.71309600467194,64.74985927073743,628.1173712715142,12.759568102629526,2.655237317635644,40.68458522051443
306,29.710224953550416,81.24350988769412,639.2936685381403,9.90057006240516,2.7107333060473238,22.369569032577203
307,24.195604179614342,78.61052466084543,748.1034215363993,13.143075541992518,1.6803108436808643,31.106500342503054
308,21.875477675294952,61.963607309425655,720.161528036127,13.4368595285946,1.898374249437909,42.572069624670995
309,27.542234337224443,59.07982017009524,764.7430556760668,9.661426924266854,1.5263285450499433,34.624897768680924
310,21.24998701514489,63.28923428585434,858.9299569252769,13.901128836291331,1.9399629161708472,43.40338947865955
311,23.267657048467633,70.66032298801827,887.7914432296561,8.84426916829255,2.6597128108780073,38.238835859892056
312,18.941476576107192,59.38222742880067,830.8738457358966,9.21209401041494,2.2769407915688684,32.59192231166747
313,18.30420892098549,71.84521177471969,973.3142175729608,9.105349035428157,2.022143389752432,33.10127525903589
314,29.5517809761351,64.32940782669341,410.939549605817,13.363938260047222,2.0576089423594954,32.84962208591135
315,28.03176144614647,69.3216513298193,517.4667914101276,11.925755313949772,1.5020304385732022,35.13794606586444
316,26.351690473124375,65.26442851973609,404.5377249868853,8.912625699333637,1.949700791347854,32.97162445959534
317,22.90743533297124,60.30630158396712,788.4848284927618,10.641940510210095,2.469688112456896,41.99182693591201
318,20.079531840850148,83.19586574367548,938.8183293699922,11.691788150418812,2.9612916657245356,23.95910953702073
319,19.877244512053032,76.72620279559163,546.0893779457796,8.500784509936299,2.7705912404758495,29.499734927371396
320,21.002914777975143,54.90396115182584,956.220726877784,13.294498210444033,1.5353924469682938,37.49873773550359
321,24.590719976473444,80.39637915642695,436.1604341737365,12.82162121264921,2.847840907012259,29.180972530116602
322,26.57515107240075,67.06009193873298,960.6616160833086,11.03124064145983,2.674797619947939,43.63496385753827
323,25.922368520612775,81.3093279412932,610.9736123437806,13.802759691555023,2.6705641853564703,30.338537438900325
324,21.359206763351313,77.99493395815603,460.85249706952993,10.506565875650598,2.186993638505357,27.963777364028346
325,29.45838336795833,64.88247265642318,691.5230555117954,13.904661914218988,2.0970079394317542,35.816587557211285
326,26.854763000349223,50.78642579120411,554.0659406323048,12.007519992821763,1.954373593249789,25.450072017133664
327,24.65224863013681,59.40370757847312,570.9237411771537,11.80802763952365,1.5985422884315486,38.0644354985519
328,25.340648954812227,68.95719751313034,584.3739789557719,8.99572937177471,1.8423530452405488,33.88738819039764
329,23.03520074913348,72.17173769391516,881.815538699598,13.291566549827863,1.8699054524670369,41.076855538360725
330,20.97277187401389,59.02606899016208,723.4967660051527,10.56493812752369,2.2261156045653023,36.849320519235
331,22.271672143815138,54.877462592548845,586.7846194936021,8.973400434694875,2.621166609895041,34.62125642111379
332,27.094153325572428,79.22255828797547,766.200269986551,8.075645119854554,2.21071474259692,26.442586201845835
333,18.172721863557072,84.45407632462432,829.6904045339161,11.358534101830296,1.586766674170741,14.618460555716226
334,19.392871686082994,68.39915638059401,563.5744004401203,11.164397732736058,2.9366847014823056,38.173231507955826
335,18.552031704261033,56.00877500469062,648.1294609152109,12.316121734214951,2.9140864786411687,34.07917043225505
336,18.48874562782764,59.53075642817791,473.13165600216854,13.341548318106813,2.6777843147226124,35.39072524354052
337,28.265527008132086,50.64367367916134,508.6896097208082,8.476439507858178,2.986991852346331,25.925544047476343
338,26.443894312560282,82.00045822961746,808.6707123789897,12.388978942042174,2.3167234992003944,25.462594427018892
339,23.6900859490479,54.12128790115494,508.8630086173762,9.124471664585494,2.944152525379809,34.84196471022255
340,19.17400992781202,70.17807664299887,715.098030200236,13.149062318942985,1.6134075609251262,36.50850250057388
341,23.89939050140199,59.591932724052214,825.4277570334596,12.914381083169935,2.048521122392057,40.35825910693552
342,23.68166124936679,69.39623008805276,464.1261538568463,11.244762529913267,1.8380719020101488,37.07574469090481
343,20.07842243892018,72.79971359231524,740.3873317773421,12.26145679173987,1.793749626201405,35.266292181226376
344,23.206219790855677,79.04096312975206,553.9376702208183,9.88610067910249,1.711204423339014,27.421808170065045
345,22.78205681276848,57.22474451162111,977.7561251425478,10.827007393596887,2.433620462348995,40.831789744159835
346,25.390201176626597,50.38485400304682,690.1273880319548,12.92982138626283,2.6719827836209573,34.91820899577972
347,25.621123810411724,54.79099705240826,883.5955298650949,10.755591183039282,2.367447599130541,38.5532698520581
348,18.543648117264535,81.50065246468368,730.135925293757,10.14678959195265,1.7204440643823145,17.738047644256365
349,22.495351375517654,80.58615271468804,426.04751971289147,10.9652746835018,2.716685654900206,28.40274517665415
350,25.510318988570837,70.9094585759608,779.8908253564134,12.969495514623311,2.4539320607455926,43.83760497468202
351,24.037635102961055,71.01809011517787,970.8420053239942,10.011248284225235,2.0822485591904933,40.75153996548964
352,28.27787809425987,73.27628360911893,760.9670920877987,9.042569558814463,2.5111954433040946,35.05561686887637
353,25.90432357942734,56.137994751820735,891.5133156560742,12.272084121984685,1.8898574688642493,41.267985065776145
354,19.955213124977156,82.0044181073736,930.5238780090447,12.95586927624849,2.017788312741316,27.954936542319594
355,18.84682496880516,64.65696837122256,536.8478631693595,8.6038248711412,2.876228764697985,34.28583397924643
356,25.70903133847579,63.40984848873241,527.226903944936,9.439244676535669,1.9357567585071305,38.409573333218745
357,18.318135726499463,68.16211968489931,766.5885933105951,8.851831938565963,2.204982402236905,32.87247887685399
358,25.02930697528156,51.643808837126926,646.6170818840228,10.087648469493,2.835211706094022,32.24441741894528
359,29.28276289709949,55.81991790646278,903.9167817200322,10.702105873432476,2.5615820254012913,32.94485112218378
360,24.905690134510547,75.83117657492296,940.0138740388066,12.492958021779838,1.5933048392470541,39.06238112447016
361,22.658039114478264,52.89795337737942,612.0528275816309,11.906885509290046,1.7209545664184556,31.004214569689065
362,25.719458621308238,71.11032383132358,542.1223353846892,11.725571404870587,1.5117623861578753,38.50984004361261
363,23.4990346858982,58.58721883884623,868.3153091463171,10.114249679657927,2.446382685343745,40.808718723603526
364,24.54740147179122,63.62534649146918,564.8836213288816,13.04868531850856,2.1715101381156274,39.43828855268527
365,29.297577705318304,60.1042807869745,893.5685911082071,10.827723004388988,1.7014122763534134,34.88723482376995
366,22.633231653609293,62.44854507627322,654.2429521892577,13.874629628090927,2.9369011815851556,41.21421622135175
367,29.53428676588697,75.1666066814486,800.5299395748823,11.804852829774422,2.2944895859184298,32.409432481260566
368,28.864207703472765,60.39926004681112,457.3211883008009,8.757588449387017,1.8628399411693337,31.734902465913365
369,20.34949361747156,69.82416241039141,774.3155948059439,12.057065372452604,2.250905356732061,37.95574653413912
370,18.832335610501985,66.6617640769685,671.0606072423375,9.950624092590195,2.5194304991026617,35.32892029208758
371,19.20933601652912,73.22849078769269,751.9650779052845,12.117963180116584,1.6143588269603466,35.913525390711314
372,18.218661907818596,82.78904087636653,500.80852464691804,8.417846888974434,1.912055722571838,13.09677685501552
373,19.13331552907114,75.64002340235876,842.1242469665092,9.049288623055757,2.7104482363259903,29.671684498659197
374,26.19608128099628,57.52291325067649,917.6782465259371,13.134423553434718,2.189497305603992,43.09874962660871
375,18.854263781522747,51.09140972714496,530.0438800544654,9.36307734214109,2.3198657130484426,26.4425013018424
376,21.827707563525134,59.17924155049388,457.42873331209705,13.02224675145764,2.149224003314204,38.120223126577905
377,28.138503731633456,70.82772757450891,414.18315162780186,9.675656530726462,1.5658499139645077,32.32981236721665
378,18.27926322882991,51.79990347194876,785.1829002659597,11.857291460352247,1.748624669730234,28.07930780556957
379,27.773621791067228,67.37281865204326,764.2564216532685,12.164903441058986,2.1683124581128363,38.23996156447605
380,21.3822572972808,70.88949971209112,728.018447628442,11.075928518870317,1.8137781981118917,36.49414427577475
381,19.417977931459873,61.69853617859363,539.1682576695853,9.831864060180388,1.5749685429895182,34.20178842720443
382,26.36084598436981,76.98192713110376,634.5435975433088,9.275866258226577,2.7654744960777355,34.57278842987046
383,25.547314161358607,53.73093885968201,756.6858011117038,8.199136127374558,2.9717887937461738,34.878079026158275
384,28.529664162324636,52.62982236075331,698.0601153155017,9.823678407444342,2.689714310995109,28.07571951044304
385,26.82085252564663,75.48660646712611,992.6713121289324,11.918976743187699,2.7806773825570006,41.51084713573411
386,27.641771164618184,67.34219606721695,481.8638515340399,13.629828910690897,1.862965695475568,37.055921159911875
387,21.38441487085568,74.09408387497076,817.0867324285563,13.227226893578312,2.9409404632697997,39.78746736025591
388,20.129274525356674,65.21895685113111,642.5912608625753,12.596388659211815,1.7953885566801426,38.480557778482606
389,27.0073770196903,58.62407116336874,656.9197689553689,12.730684059519792,2.9271447155427484,42.520589490938235
390,27.682016871207168,78.66858111859699,830.5586593949058,11.989909420855971,2.9922289409489267,34.14396893337612
391,29.88606170400808,77.97955576391428,815.4616907946217,9.561721145396017,2.567584208619073,26.817913461197822
392,22.951412122937118,74.31437647990494,994.7535962213129,13.44317018423498,2.9717155976877327,43.62331595732352
393,22.4642170295134,59.5250798030487,477.03657367247513,12.024393871435004,2.3543096693506556,38.61882982537655
394,27.31695552890396,70.65807334041804,462.4657896304998,11.36264378588264,1.8893126747641356,35.68546819060369
395,22.089642483036215,62.63408639290094,834.6032902772447,8.665936815280887,2.1554938284984315,35.06079338233855
396,29.169087907242776,53.205372566432196,747.0321502038455,10.682333262838553,2.390341403068179,28.821743683856997
397,28.30095302211614,82.1059751411785,564.4963999358836,10.762149627211558,1.6096223430405225,20.25758596773311
398,23.14792832850022,54.78865208216365,447.65162139339196,13.187381657136019,2.4335148969258693,34.44833603782545
399,27.01045281349797,83.2583073837281,451.39494975785834,11.279889321126731,2.9717667551434417,23.291107197258306
400,27.05451448901619,65.61020205352845,936.5145247984709,10.282403293822458,1.7851614746755915,39.01784693800929
401,19.23748642603119,56.47965250935169,515.1203948312458,13.860801971063957,2.6888926744325747,37.78500698964491
402,28.8306348801548,68.96653315824253,594.0229372693125,8.664323559957895,2.861848190669429,36.61054883276696
403,24.063028469374288,80.55310425567428,535.9938413361929,10.535290569871668,2.9155523892303314,28.264137745988617
404,27.9174895932929,75.62787102433464,612.9977834991623,8.252148051028431,2.9402034066081706,30.73824039488305
405,21.84059521236734,78.22964017515073,441.65430564765603,12.439424724601583,2.282189458082208,30.639494228547314
406,28.746278741954406,73.05741783487511,711.4358745449622,13.508459313194905,2.9659618619872554,36.83498433140998
407,22.67042014480996,74.22967975812483,440.5675381553289,9.680223977302937,2.6359653107016583,34.50628669746922
408,18.13005181776358,79.72184780478618,880.2139046934169,13.150050060794726,1.742507154355443,24.36770260302729
409,28.864583717031163,58.738380310071506,540.2272491462599,9.753309382771386,2.2153501597019547,30.249019829446972
410,19.095440121433604,67.12987372750992,724.0071487627064,13.46462096986349,2.577496763058006,40.25026518122872
411,21.831763651084977,57.74233046368608,928.047452536875,12.523771421580705,1.871010473728625,40.74365633250369
412,29.40074360460966,84.56838027988265,790.5264214283166,12.829440661048633,2.460922775323331,17.836859629737212
413,29.407285763250673,83.04207688903146,719.7746719308011,8.108039333602727,2.499900718569929,18.52464292968074
414,24.88125465747943,51.3799383978977,594.6002518692253,13.776862142444156,1.7440496157128489,31.13810953216876
415,25.582046546037592,74.6951310380491,599.8011478349188,12.360025952421939,2.3476279686791344,36.97089777160086
416,23.381346263739836,82.3836911095483,801.6921731189141,9.8285065723168,2.6574403664679114,27.94712791643774
417,21.518529260376773,56.32013707945667,996.4836167327005,12.976367989153083,2.248343496803913,40.222499596761196
418,21.94397454443899,69.87808306934204,797.1035139096272,9.689127190489579,1.518154675164161,37.539307782486695
419,26.07022147292446,82.04209041558147,734.6700504220149,13.236523037396768,1.5135577036189383,25.420675254215006
420,27.02849435325216,51.18810925050296,838.3903061435476,8.675482342471621,2.0355440159550184,27.936444808780102
421,27.498948524710183,74.4097093536394,679.1233673702309,12.222115864764774,2.889291102647673,36.47167016583606
422,27.475417713534647,60.40721525803927,436.08540556047114,11.244190859869462,1.843015169405413,33.62573618106002
423,19.094473236584285,82.35386683817856,737.378089526746,8.579206821172646,2.451545533307531,19.61334016668525
424,23.93304365643098,83.98703858078787,974.5751707032281,9.451362969553035,1.833113806039981,20.536406771222712
425,18.69070512019973,83.04932711897018,505.1817654145958,8.07442421766389,1.982504984489323,13.601334863210122
426,24.59434658788483,66.59749758301123,814.0029344923994,10.812607792787034,2.772063134402226,42.54796558570618
427,23.298366016480525,80.17149278462597,520.5602131954339,9.807591564560003,2.59329216340492,27.483107178372933
428,28.652450193099597,79.55922894872747,721.4966106838488,11.590144905786552,1.643098915969816,25.020988482869367
429,22.210980150624945,61.16851656351395,458.00586978803176,9.783426846251704,2.1430530314796505,36.35998572834478
430,19.40480419713127,79.0120415952737,670.2225617549111,9.799514669041908,1.5437546454678968,24.71986221025135
431,19.71590018463403,51.295267215042244,853.6979973371476,12.45915919238962,2.2213352199045135,31.84625363184936
432,27.138127580609666,70.86944574687186,608.5429145433893,8.288857015870121,2.4936510175516022,33.8957057230266
433,25.418616759795132,58.050309305069604,798.9470346923308,13.417369971151924,1.6777539353972273,38.039388066990284
434,19.213472113473482,54.21984100220476,877.2699764738375,13.113583246347089,1.9333274083637484,31.697875393461313
435,19.00928167337997,52.69336205702232,956.3066916876716,12.00682809935844,2.0967549382532353,30.41356103065556
436,26.41162957750944,74.3701071557349,540.7852491132721,11.559329420644307,2.8792965369840746,35.846900987900085
437,18.87315607637032,61.89562373188232,639.5895494855849,13.353814988837915,2.989882523134446,37.716098770224406
438,27.862320711484273,75.36683700350665,491.4496079982505,9.111981077172286,1.5673669484934238,25.74955247976397
439,26.474906725877954,52.28747192796298,995.4901012950252,8.473814973144972,2.641511885243088,32.204501598611465
440,18.976185367702797,61.03516182407136,956.2005807545772,9.437061019457229,2.057586099603515,35.72532496272612
441,19.018052569022302,68.8821952331368,723.9742781683358,12.767469672201141,2.08868727934422,37.679247295027054
442,29.839674942014106,77.67531076936372,905.2199766258527,8.2080216003589,2.6313974600205343,25.517802483043802
443,22.491249549073444,61.15633760262244,712.5747863632253,11.496841010500937,2.8776396482181132,41.428404971801854
444,22.44770576480269,71.90619817529532,774.1514128016559,13.972625097147858,2.9263928917538227,41.82780651561193
445,27.753594807090032,81.00922118826655,453.47465926960996,13.134176563025235,2.3656838790574812,25.68295417505634
446,29.366982928606305,71.55521158638066,853.1622522980847,11.128674134261537,2.035681738950754,32.748225037009455
447,29.832012765874452,58.15358161637718,476.6280901811409,8.381845455719855,2.681323628788169,29.773539608984283
448,27.040538223107298,50.85402735447883,895.640578151517,12.98824108631426,1.8765020748934504,29.012595410600472
449,22.51511502637099,80.45346058653254,869.2168526022315,11.593871049063264,2.3461110432502768,30.332602982464202
450,19.002008600384023,50.74442937976355,825.2468186457859,8.689597982357402,2.0378676922873096,24.81189468123935
451,27.325762991129242,80.61455854394698,421.69622831485725,8.563143708940137,2.4849466105618143,23.1656556447029
452,24.70085099682966,68.51279969095242,581.8770135671972,13.457760916619554,1.8605983693402603,44.742820845427374
453,23.090664110963715,82.86736944795138,557.8675419465058,12.01520157762847,1.7873894186022388,24.142272437497933
454,28.876252621136832,77.95741325207828,616.0818444829115,12.975720795900532,2.8773586300131555,29.143822317658188
455,19.334369787673815,84.92769386866681,452.58564805830315,13.273873401693603,1.6527055244243054,15.34646848461861
456,23.91150125149031,62.274913540809855,962.1746938186377,11.430634112289933,2.2589368616023977,40.59506968921573
457,18.13624373720903,76.85159011258943,732.2813444274258,11.104678110530248,1.8312791744445134,26.41002245533732
458,23.623927703929517,64.06758197632348,583.3145863948141,10.58256446192594,1.558394944988501,36.76547174094379
459,18.67563930818205,66.79564671063682,638.18891024457,9.901679526746715,1.5540282274371395,33.444198127175426
460,19.425814995216864,71.96269121264295,668.3215243029014,10.607575765152271,1.762832658158741,31.867574478836456
461,19.41031496132526,80.57869899652187,760.3566000163703,12.643277934380938,2.8001555317590006,27.939208024719917
462,25.790523625392762,84.44292142197533,709.4076566178987,11.61154058609079,1.9237181159655399,20.439051666558864
463,26.95253855118508,76.88956948525814,951.6351839286505,13.355139739729076,2.925688755862944,40.743616248136846
464,25.000425181165916,64.62183737585669,698.1780897434982,10.660280086275126,2.3724334394837903,40.421575787991095
465,29.5460705816945,64.74749507969746,995.2948088939876,11.642537472312524,2.154921284653149,40.42181325691856
466,22.498446954284447,75.8153805556112,910.8549746470575,11.787845318551932,2.370133252004182,38.742906219106885
467,21.428545035382328,58.357200101890584,525.1063086144015,11.550182973837952,2.275047577839402,37.47791852964345
468,28.423189538273522,53.866593959598816,958.3571287863498,12.215802638513098,2.638164380635988,35.69903243619829
469,20.68315006223343,62.41177551742718,469.81983873128564,9.424600810248837,1.9237440989592784,35.10551163325492
470,29.558670473287336,60.05336470789286,890.4698250947149,11.074182665274744,2.0295755874004535,31.869729577212425
471,18.145853696277797,60.37078421595965,628.373976085948,8.625348816850085,2.8411414537998763,31.548646559288937
472,29.63854592049167,58.17627128674685,926.7845922670417,10.307067965868875,2.9196847697256083,36.5707830914064
473,18.51791894340691,51.473261637272664,920.8340140644702,10.926002411727588,2.838837341229712,29.064546782038377
474,28.69371736437685,50.62558771566948,883.5552400705726,11.913345557272834,2.12917199093597,26.268215163918534
475,24.332413309035598,84.5702836407611,874.0182617842368,13.703186315517222,2.6705482545103223,26.75087792805211
476,29.915577553431604,64.97205968075518,582.8074834588244,11.603906399290135,2.214503599951648,36.19954231008933
477,18.885558776824787,63.451432650588856,448.5515698307513,12.461563497059359,2.2463097782191532,36.93852687800349
478,24.64625141281585,73.78765489425744,641.7881072590969,11.037596356971218,1.807020163585926,35.54801386952101
479,29.631630427429187,57.63888607527725,504.1147089919052,11.804624188257987,2.3866954548877746,32.998639829307386
480,24.277174130041786,83.24864143825789,816.970653341477,8.42559329680264,1.779203846630022,21.351037463099132
481,25.552783657623152,77.52207550454432,607.6598359226714,9.526349485051082,1.9973470486007907,27.550207300637496
482,26.348984267815407,53.12938508092908,985.366120515949,10.171118559230832,2.7825453024299027,34.45747959538346
483,23.45449277721328,64.61532715247249,784.5832464071992,10.834960130039082,1.8106137138162828,42.83208323959203
484,25.53069696100876,80.76914076467577,893.4883381806166,8.273892473014303,1.6067374277601492,25.298367217717978
485,25.011771743077205,83.06562078019937,479.51480364510905,8.840144585319907,1.6035113889192245,18.912881938467866
486,28.813896125891866,66.35905289374544,917.2086893635735,9.660885846747835,2.911176780754662,38.133581013880736
487,18.545356564097496,71.46939862237477,953.6543143080366,13.829196145406303,2.260380656942752,40.53938464272028
488,21.371558275106764,55.84618811322263,692.2371512913616,9.988082042618304,2.1141181077255276,36.680049907887
489,29.404937808918703,84.69090191479418,763.7517626505864,10.892246348672495,2.716317871511878,20.80274938940379
490,28.683165406690996,58.10850954842052,858.8858805417973,9.176586276430358,2.753738891865774,35.01475442969005
491,23.467881033428554,82.9956120947294,504.9031763562475,11.66468042645461,1.998286549673407,23.727858049847725
492,25.44159117361844,72.7376327147329,701.5396458780655,9.684099293095846,2.540427086210693,34.994925398430176
493,21.32857419577359,71.27078782076006,639.1978166633878,9.241955470630561,2.65668422377783,38.89501249534962
494,20.257453916685137,67.9440978855778,487.8243952973495,11.099435770675875,2.4819760302989318,35.11064224969224
495,23.564380859279787,58.073443410121556,620.5206533749189,8.033034794962525,1.727392612200149,34.40072930181815
496,22.240226736312636,56.178481120192785,440.90338563129615,8.045984195895352,2.8138246252755854,31.64690047783835
497,25.003873342210465,57.71701731745614,415.4871441696922,9.314412854611147,2.308641829104013,33.741528880007714
498,18.93281564357982,56.525339175048906,481.09977349289363,8.220328175004926,1.9237086395550056,26.074206232472626
499,29.692737691993997,77.28545657483636,977.8690669535043,8.648154524784148,2.137842278156541,26.011009763732066
500,29.834528933755234,62.254384070835556,729.7177215370102,10.033163896032509,1.5563566355983611,30.764530895708297
501,26.37794056823694,52.02449367971887,979.493296691932,12.815514077478877,1.6918002018336264,33.22789787286671
502,24.433156396129444,83.9185920549284,659.4987269980792,11.432291860215805,2.6483201257737914,25.50267251254224
503,21.714331395435934,80.9325059737199,587.0896798511558,11.0760063557385,1.5000174521330492,23.020779075603755
504,27.765540236483382,82.47132991183246,703.6851177041465,9.760932939248729,2.1248487427234384,21.959027485366786
505,26.21677407064655,84.82177379262524,663.7070131797461,13.590522316596898,2.2837652716283827,24.449524827546064
506,19.951403272138695,56.086333722682056,463.3988105570463,10.38209024742315,1.5819516300014584,28.985256817231146
507,28.93112621392611,63.86847066159306,784.4957888141237,8.522556600774628,2.9596172444584994,35.341212946517366
508,27.870446915078027,76.53834664964319,529.6229095057597,11.702399096706808,1.839187996874508,29.36858148264409
509,29.39759895950309,74.36072163188273,771.7527729386977,8.683030360859608,1.9562980794544214,30.44111214045472
510,26.70863410066032,55.38635672189493,790.1206554388921,10.071338856810153,1.955913768382541,34.47766948984194
511,25.360982351229477,78.55415937467163,491.21491187718885,11.044471632306854,1.845624993176025,28.130768395350785
512,23.018916435487426,57.855420014283126,436.8097762664009,13.245335148111055,1.5022107331294672,37.151865502310244
513,29.192741800248157,57.83361651879181,868.4569516410638,10.961279482040712,2.5940171911319947,33.68364580924492
514,28.3927666740049,68.79410480126947,675.8802542615921,12.213552596189984,2.950268249698928,40.21790788797505
515,18.542624041274273,70.75289771945961,434.89827730328545,13.956901033994422,1.8364402249275675,33.63302659338915
516,18.316403693967025,70.3030172743234,996.9197903018603,8.788934719387889,2.4945707877051335,33.793360827839535
517,22.517560402536596,53.20203930892142,434.66833659782,9.648389153117117,2.6128444904380728,30.036010203575042
518,27.726639969381996,80.71113019206331,817.0211373151319,10.367456453585879,2.772638068635787,26.348904007035376
519,29.847313551779333,59.29600149060471,990.2073551580481,10.530969071232988,2.1339437955204135,35.07162139437033
520,19.805002693242336,54.53302224489815,543.5080625295553,10.466126451593276,1.9543963584606439,31.499558309524936
521,25.129568584225623,81.1061827954142,485.3496212123177,13.445666015339329,1.9879427010345467,26.7721502662884
522,22.570690279572258,83.44780243804138,472.83096365345733,12.284195866801138,2.568931999647769,24.523678048763216
523,29.638972773775237,80.17446660429077,581.9650885405573,11.647431284544222,2.725169199758454,20.94796671099482
524,28.105427077628505,78.33306261537074,460.627486606388,9.856236307176692,1.772420951634904,23.850324119196685
525,28.059944456533653,72.93346932236577,815.2968050164791,12.94274230532777,2.0564115122366475,36.82165632373849
526,23.624317917539642,69.28000797131988,437.3750788780376,13.730363068909934,2.852910295123725,40.67992718823537
527,22.97783402805198,53.044536596899356,705.6532768898738,12.927189695301358,2.710040279542109,35.29441816357546
528,21.280884863168474,64.29586245747446,998.0181123117861,8.009390631148838,2.9772876041437137,40.13063823277523
529,18.676505959811124,63.04409809543099,888.3821617036112,11.818408221100443,2.631372389523121,38.901149386716526
530,28.376668515060636,59.09138243161142,769.1316629386065,8.306812288652605,2.0897928015418836,32.99603930292322
531,27.75481210956093,75.31970397910047,583.752172471967,9.54564332200233,2.385956750991957,27.72410409063609
532,29.996612079433568,67.35565072775698,774.3375017749831,8.35714820208663,2.4915213813709807,29.29456081675187
533,29.959642044886863,52.83661755676768,716.224878346991,11.622772717696327,1.6176837244756859,24.823345733452808
534,24.66518046723153,57.706412068243395,655.650030334223,12.119539480955641,2.3167454386557975,39.88286499454313
535,27.227848982166126,73.91405672808585,478.4262260441197,8.686925828395431,2.5639812427089144,27.877516718682465
536,29.337188758589136,52.664580082160505,931.96252914428,10.303033298269877,1.7509819560015907,27.051043830940046
537,28.195768688128936,79.7922419917069,669.8707892927935,10.737419053733252,2.6709475761383357,26.449224484354488
538,20.96817722091837,67.3301284454891,516.773507092459,10.214318130565498,2.3756591707711676,39.23886416711369
539,23.40652962372112,66.82053020643268,620.6556105263737,8.726150002911158,2.9283326785463917,39.32592093649691
540,19.54991298181794,70.73427246308312,648.4778515173562,10.513686741124852,1.5636334473103375,33.528959046616286
541,29.44861232710467,78.86383380738022,896.5227373401246,12.507068286850508,1.8979892063332005,27.837632432702325
542,25.27409561341056,62.173322276576755,840.1686283368413,8.426045987199533,2.402330818949736,36.39059846881058
543,20.743713666041554,73.73056533956722,861.5829361848039,8.48108008449142,1.944839868308896,34.608227366073024
544,26.06040821287028,69.8006187398527,406.6187586571883,10.128627751015905,2.5716362461068636,37.11954700361951
545,25.41753888549475,59.34598945592975,649.6923989078568,13.65035426971355,2.6385079237828966,42.84125574297335
546,22.297952616394085,80.75204952243053,688.8064909811942,12.011435880337483,1.6537739460997116,33.35878937799392
547,19.36269110639555,77.90991075624248,411.515366093834,12.072019740035389,2.2707816963101517,24.073508984662162
548,26.058878347113595,73.04581421304489,555.8879252470206,10.171519945027189,2.263335833386584,37.762303583424355
549,24.24369241084552,79.77036051829847,856.173893873281,11.561964747251231,2.0539211553233114,31.038736342473843
550,27.26782070082767,80.35529703359308,482.26582343739943,8.06078710416646,2.899387293854508,24.867308796444608
551,24.241962013343922,74.79270418502622,721.186078871555,11.816576278457253,2.7412594798098318,38.382725727204885
552,28.226178003822483,79.29546649272852,529.1211232103425,13.47972168545742,2.545814072864455,28.302764968423695
553,24.622882065293826,74.41150115842493,407.27246478633595,11.675440810068915,2.571489953602496,34.83363782279619
554,24.731255658424637,73.80492701161052,544.7208745597248,13.24219156079807,2.1925742157196786,38.26815409226974
555,28.51984323190014,71.65139823753145,985.5242529460322,12.343838332796562,2.881491781644864,37.62376593828727
556,22.841794394548764,76.34508238451744,880.9222671297937,8.72335049842214,2.541893140879928,35.675162428626614
557,19.60818274140769,55.55117868525758,975.74598659262,13.414719843715051,2.5934715924837244,37.41698014749554
558,18.345392115760067,80.83047657196249,692.7124263558175,8.398663066134649,2.792536355681018,19.461615561335382
559,27.061647068083428,80.51452347108312,465.8417192065021,11.203804835286583,1.9111073840132864,24.00314879780921
560,25.443714616241575,51.02365490620957,728.7756933842159,8.852822742760747,2.7106063558000546,32.27621224268649
561,26.44895721719068,78.90358626976669,672.6264007359765,8.070239664385424,1.7928609044347381,25.458412686028893
562,20.555569938106927,54.51044536157058,906.6142496437697,10.532205560765835,2.018012928367332,34.44025423418782
563,19.636457707041238,61.72915989906997,458.8495484705468,9.770244245924937,2.003415681404764,32.03310098225495
564,18.174535988014583,76.02278897020628,692.9446822130669,10.916002962785619,2.967788202583711,31.06201338048379
565,22.207050705679166,55.62659636169079,490.0291988163906,11.463199320407305,2.7848058356218903,37.191420953403195
566,25.079012242255597,78.62884584416717,594.805556134036,8.262434433853684,2.5517547923853896,31.82681023445756
567,22.70692854119679,79.12469622852097,842.4142464326799,8.738019770742474,2.5905851424230852,30.50688976602453
568,23.249699064284748,67.76137068162927,685.61087762126,11.351854378702551,2.3431091916038564,42.068462447053754
569,28.849904333924982,50.223505510089176,625.5329710874616,10.059004119035949,2.9206360006627787,25.884504906634298
570,22.179065604279604,60.046334661121946,636.6857671420212,12.375040925296688,2.2443881293235424,41.89570053682295
571,24.167873869917727,71.59244214315098,675.6680610435919,11.913749891551639,2.0707765648048415,38.04776122356434
572,27.403836152893717,84.34151623095983,871.0099263022341,13.073626177939442,1.7445530053973866,23.191300836599382
573,22.758513387855242,72.1134734455834,935.2508133641406,12.154956960015351,2.679308478391587,41.98935999805295
574,25.46504040273448,59.093125337245596,973.2008119023569,10.579586464340888,2.601665898113387,41.54128970234301
575,28.34836450496094,72.1901996084864,872.142031753177,12.037799734366594,2.0765325577862024,36.77351284199868
576,29.394247483891704,68.89948829005493,589.2441374488076,9.65228704553251,1.537790120938844,31.04396570784867
577,19.764881771148456,77.29458883029002,812.8808236519253,9.837880992669277,2.758495991577016,30.933944889112613
578,29.119051501937932,53.74432235894354,662.5618744332352,12.73391095952476,1.5171269751811105,29.30045045787922
579,23.905395516954457,76.63597658757098,552.8023732276307,10.678517098409493,2.555549669443576,36.01754807537434
580,21.0989326595875,68.94433025366386,904.5229476555536,12.790282043110114,2.9553856645890857,45.15295070971906
581,23.509629074859134,83.7047201350648,423.055809377395,12.93453424200967,2.156491992222305,24.179068666729336
582,29.760390903425723,61.96552581135401,941.0571952812542,13.145374025967703,1.852460107493929,36.21031281318808
583,23.911417127914433,72.14176625968818,676.8864787748405,13.499811415047244,2.5573065150650724,40.07251649861503
584,21.945019323450097,82.62098369285061,782.3208860849683,10.585911323079777,2.7256922130233776,27.663526217982554
585,25.60081025180071,53.58784047967377,795.6123533234696,9.913200909926832,2.319645474116771,35.37557558128585
586,20.881747425338318,82.80299705327579,937.0706444239219,11.493192479564684,2.9505529128842194,29.633791655012445
587,18.910359937303966,74.07600028052846,782.0018093003243,10.227034540625766,1.5775030824869416,29.19855608006156
588,19.54655666292779,52.37429706868102,768.3601508560371,11.606445000801397,2.257193397456792,29.954291981372606
589,19.53655006749327,60.53372484313857,439.991224336414,12.233515175862948,2.577680920983825,33.53321176280063
590,19.822832322147534,74.78602310258486,711.0448131671225,12.13043011095282,2.7939607067237686,34.72388234291733
591,19.66592607179292,52.35727105140701,490.101400490225,10.247317322120729,1.768883417861685,27.31169197794141
592,25.690496937638574,70.37596610616956,842.4602612328913,9.001161210192517,2.700005222645522,38.874390608840635
593,20.182561012789737,62.105906993353486,707.3331524876047,10.583176030773245,2.329060613577818,38.63353807357195
594,22.14800739988636,71.7320431218617,808.136667525012,8.855564864491452,2.094830522984945,36.434427818802654
595,28.761460918872142,51.60097118343795,425.0037403614306,13.34058221110285,1.6975725428686403,26.62557013464559
596,23.68753968315447,80.50378821533317,450.8752096274819,10.075264764427144,2.7979436383633685,25.91016323497337
597,26.010692862252327,84.07211392120888,829.7940328376094,8.926758483339942,1.735909812269573,20.144169974390636
598,20.067838454419558,83.9107249349992,443.250601599204,8.152686559434505,1.9646817888136487,10.335268469499393
599,20.30746822570405,76.23781411100236,442.7540366591552,11.874934317718905,1.9350682979436553,29.74541820632718
600,18.490423395197745,54.55301840457212,407.26508514093246,11.821413904728459,2.8071210512862814,26.94142786242876
