tea_type,hexanal,pentanoic acid,hexanoic acid,propanoic acid,2-pentylfuran,benzyl alchol,acetic acid,furfural,2-phenylethanol
black tea,1.24,1.57,0.96,3.32,0.52,1.11,23.95,3.54,0.77
dark tea,0.82,1.88,1.07,3.34,0.52,0.53,23.59,3.49,0.59
oolong tea,1.27,0.9,0.73,1.44,0.41,1.64,10.55,2.03,1.37
white tea,0.44,0.67,0.23,0.74,0.29,1.15,4.18,0.99,0.94
green tea,1.35,0.31,0.27,1.18,0.31,0.88,3.88,0.51,0.48
black tea,1.02,1.51,1.03,2.88,0.33,1.21,19.04,3.0,0.96
dark tea,0.88,2.23,1.0,3.13,0.91,0.87,23.8,3.91,0.41
oolong tea,1.2,1.29,0.72,1.48,0.5,2.09,10.37,2.09,1.91
white tea,0.4,0.95,0.09,0.99,0.2,1.1,5.61,0.5,1.11
green tea,1.39,0.73,0.35,1.01,0.21,1.01,4.33,0.48,0.78
black tea,1.17,1.79,0.73,2.63,0.5,0.89,20.74,3.35,0.85
dark tea,0.72,1.65,1.08,3.12,0.71,0.73,26.01,4.94,0.57
oolong tea,1.56,1.14,0.31,1.49,0.41,2.62,11.16,2.08,1.59
white tea,0.28,0.89,0.31,0.99,0.15,1.4,3.75,0.95,1.53
green tea,1.05,0.48,0.41,1.06,0.13,0.86,2.94,0.61,0.56
black tea,1.42,1.44,0.79,3.06,0.4,1.19,23.27,2.65,0.88
dark tea,0.78,2.2,0.93,2.75,0.94,0.79,25.63,4.17,0.46
oolong tea,1.56,1.2,0.46,1.97,0.45,1.7,12.65,1.76,1.76
white tea,0.52,0.65,0.32,0.92,0.24,1.48,5.19,0.72,0.99
green tea,1.1,0.54,0.43,1.2,0.31,0.85,5.45,0.52,1.1
black tea,1.26,1.43,0.66,2.93,0.52,1.27,21.18,3.22,0.7
dark tea,0.56,1.89,1.3,3.33,0.63,0.77,25.96,3.56,0.57
oolong tea,1.51,0.95,0.59,1.64,0.51,2.26,9.09,1.77,1.7
white tea,0.45,0.81,0.44,0.95,0.26,1.32,6.31,0.79,1.28
green tea,1.11,0.52,0.35,1.16,0.42,0.52,4.69,0.35,0.63
black tea,1.34,1.61,0.66,2.48,0.63,1.02,20.54,3.27,0.74
dark tea,1.02,2.16,0.8,3.32,0.73,0.86,23.02,3.94,0.61
oolong tea,1.72,0.94,0.51,1.38,0.33,2.44,12.21,1.68,1.78
white tea,0.61,0.88,0.14,0.77,0.26,1.03,6.05,0.99,0.99
green tea,1.29,0.27,0.3,1.11,0.16,1.14,2.57,0.49,0.72
black tea,1.4,1.31,1.05,2.75,0.43,1.23,20.5,3.02,0.86
dark tea,0.7,2.03,1.27,3.84,0.63,1.02,20.12,3.92,0.62
oolong tea,1.57,1.04,0.52,1.38,0.34,2.21,12.12,1.83,1.78
white tea,0.43,0.85,0.3,0.7,0.17,1.28,6.26,0.85,1.17
green tea,1.62,0.48,0.45,1.11,0.23,1.04,4.83,0.65,0.9
black tea,1.15,1.74,0.8,2.87,0.53,1.17,21.49,2.94,1.22
dark tea,0.62,1.7,1.35,3.55,0.96,0.83,24.97,3.55,0.56
oolong tea,1.33,1.32,0.53,1.29,0.37,2.1,10.51,1.79,1.65
white tea,0.42,0.69,0.21,0.89,0.13,0.9,4.6,0.81,1.2
green tea,1.67,0.66,0.38,1.15,0.17,0.85,3.71,0.59,0.58
black tea,1.24,1.91,0.83,2.9,0.64,1.08,20.56,3.25,0.87
dark tea,0.65,2.01,1.24,3.79,1.02,1.02,23.08,4.44,0.57
oolong tea,2.05,1.01,0.45,1.35,0.19,1.87,10.17,2.04,1.67
white tea,0.59,0.87,0.21,0.69,0.22,0.92,7.79,1.06,1.07
green tea,0.87,0.72,0.39,1.37,0.13,0.75,4.01,0.56,0.63
black tea,1.26,1.39,0.83,2.8,0.61,1.27,17.19,2.67,1.07
dark tea,0.79,1.81,1.42,3.29,1.06,0.76,30.15,4.88,0.52
oolong tea,1.74,1.26,0.72,1.26,0.47,2.26,8.42,1.7,1.19
white tea,0.37,0.84,0.36,0.86,0.28,0.91,3.37,0.84,1.22
green tea,1.29,0.29,0.39,0.92,0.3,0.91,3.06,0.49,0.54
black tea,1.14,1.79,0.68,2.94,0.48,1.01,19.73,2.86,0.75
dark tea,0.6,2.49,1.16,2.99,0.89,0.74,24.45,4.31,0.64
oolong tea,1.37,1.05,0.52,0.92,0.25,2.34,14.38,1.94,1.72
white tea,0.43,1.1,0.33,0.83,0.15,0.87,5.75,0.72,0.9
green tea,1.14,0.41,0.57,1.3,0.25,1.11,4.08,0.44,0.93
black tea,1.24,1.39,0.82,2.42,0.38,1.31,24.77,2.73,0.95
dark tea,0.67,1.88,1.05,2.93,0.86,0.65,25.68,3.97,0.52
oolong tea,1.27,1.05,0.64,1.63,0.3,2.02,12.81,1.58,1.71
white tea,0.33,0.82,0.19,0.53,0.12,1.16,5.82,0.69,1.26
green tea,0.88,0.54,0.28,1.04,0.25,0.7,3.62,0.68,0.61
black tea,1.3,1.37,0.94,3.29,0.27,1.01,21.44,3.17,0.91
dark tea,0.67,2.02,1.12,3.69,0.89,0.79,23.97,3.76,0.5
oolong tea,1.6,1.08,0.59,2.02,0.49,1.92,13.6,1.9,1.19
white tea,0.3,0.52,0.22,0.85,0.28,1.21,5.23,1.0,0.76
green tea,1.36,0.65,0.25,1.35,0.28,0.78,4.63,0.83,0.73
black tea,1.19,1.51,0.7,3.06,0.44,1.16,18.81,3.43,0.91
dark tea,0.88,1.87,1.1,2.88,0.77,0.8,26.89,3.54,0.66
oolong tea,1.84,1.22,0.78,1.31,0.28,1.56,14.12,2.16,1.59
white tea,0.43,0.61,0.43,0.87,0.21,1.28,6.1,0.89,1.01
green tea,1.42,0.79,0.53,1.43,0.21,0.68,3.87,0.56,0.86
black tea,0.85,1.91,0.82,2.59,0.42,0.86,22.06,3.28,0.62
dark tea,0.59,1.92,1.44,3.15,0.59,0.72,24.32,2.7,0.54
oolong tea,1.44,1.27,0.78,1.78,0.37,1.72,16.0,2.01,1.6
white tea,0.4,0.77,0.24,0.75,0.17,1.14,4.82,0.73,1.17
green tea,1.24,0.74,0.18,1.34,0.34,0.49,3.66,0.5,0.49
black tea,1.01,1.38,1.16,3.1,0.71,1.28,17.18,3.05,0.94
dark tea,0.6,2.18,1.11,3.11,0.97,0.81,24.1,4.58,0.41
oolong tea,1.65,1.25,0.51,1.58,0.27,2.23,11.18,1.87,1.81
white tea,0.33,0.57,0.13,0.96,0.14,1.46,2.9,1.15,1.19
green tea,1.28,0.48,0.44,1.14,0.33,0.87,4.15,0.5,0.69
black tea,1.2,1.26,0.61,3.03,0.57,1.12,20.05,3.38,0.76
dark tea,0.65,2.05,0.98,3.4,0.55,0.88,26.18,4.13,0.67
oolong tea,1.92,1.33,0.32,1.18,0.34,2.01,12.41,1.82,1.64
white tea,0.32,0.67,0.14,0.69,0.13,0.98,6.82,0.68,1.61
green tea,1.42,0.57,0.31,1.27,0.21,0.87,6.56,0.54,0.87
black tea,1.03,1.59,1.16,2.51,0.78,1.27,18.59,3.49,1.02
dark tea,0.83,1.61,1.02,3.16,0.84,0.83,25.44,3.33,0.6
oolong tea,1.65,1.25,0.69,1.71,0.45,1.98,8.59,2.11,1.64
white tea,0.43,0.59,0.17,1.03,0.2,1.27,5.54,0.86,1.31
green tea,1.17,0.56,0.35,1.07,0.23,0.89,3.52,0.71,0.57
black tea,1.12,1.51,1.1,2.82,0.68,0.89,20.67,3.58,0.86
dark tea,0.88,1.87,1.4,4.11,0.79,0.69,28.63,4.79,0.48
oolong tea,1.39,1.1,0.38,1.27,0.3,1.81,11.44,2.06,1.91
white tea,0.3,0.87,0.23,0.84,0.23,0.95,5.98,0.88,1.24
green tea,1.37,0.86,0.34,1.06,0.2,0.75,3.36,0.7,0.91
black tea,1.05,1.43,0.93,2.54,0.63,1.19,16.21,3.83,1.16
dark tea,0.67,1.9,1.2,3.38,0.97,1.0,24.56,3.6,0.38
oolong tea,1.32,1.14,0.77,1.37,0.42,2.0,13.58,2.63,1.49
white tea,0.35,0.88,0.3,1.17,0.23,1.09,6.24,1.04,1.29
green tea,1.43,0.68,0.52,1.39,0.3,0.82,4.15,0.7,0.58
black tea,1.21,1.52,0.86,3.23,0.57,1.16,16.6,3.53,0.96
dark tea,1.02,1.92,1.19,3.34,1.13,0.74,25.7,4.3,0.57
oolong tea,1.39,1.18,0.68,1.24,0.41,1.82,13.59,1.62,1.49
white tea,0.44,0.95,0.25,0.75,0.29,0.9,2.75,0.93,1.06
green tea,1.04,0.64,0.42,1.05,0.15,1.0,4.65,0.54,0.98
black tea,0.96,1.29,0.73,2.73,0.58,1.11,20.88,2.78,1.1
dark tea,0.74,2.28,1.21,3.42,0.95,0.81,26.61,4.66,0.57
oolong tea,1.68,1.13,0.73,1.33,0.58,1.99,9.0,2.03,1.46
white tea,0.48,0.67,0.22,0.52,0.18,0.73,3.52,2.84,1.29
green tea,1.41,0.43,0.4,1.15,0.16,1.11,4.88,0.52,0.7
black tea,1.19,1.19,0.81,2.49,0.42,1.1,24.49,3.49,0.75
dark tea,0.82,2.35,1.31,3.27,0.74,0.84,25.98,4.45,0.63
oolong tea,1.76,1.06,0.71,1.55,0.61,1.83,14.54,2.05,1.47
white tea,0.35,0.71,0.28,0.94,0.17,1.15,8.18,1.15,1.23
green tea,1.31,0.57,0.46,0.97,0.23,0.56,4.4,0.63,0.63
black tea,1.43,1.35,0.59,2.83,0.68,1.44,18.85,3.65,0.84
dark tea,0.73,2.22,1.26,2.66,1.11,0.92,23.44,4.2,0.61
oolong tea,1.57,1.05,0.47,1.49,0.52,2.14,10.85,2.19,1.08
white tea,0.51,0.53,0.22,0.65,0.14,1.35,4.92,0.91,1.14
green tea,1.42,0.56,0.27,1.32,0.21,0.58,3.57,0.74,0.83
black tea,1.09,1.53,0.79,3.53,0.6,1.23,22.58,3.34,0.8
dark tea,0.73,1.98,1.14,3.52,0.86,0.84,24.8,4.04,0.3
oolong tea,1.73,1.21,0.67,0.9,0.61,1.97,13.44,1.74,1.72
white tea,0.29,0.67,0.39,0.82,0.21,1.3,6.12,0.88,1.21
green tea,1.9,0.54,0.42,1.33,0.33,1.06,4.64,0.41,0.95
black tea,0.95,1.66,0.72,2.73,0.59,1.21,21.05,3.86,0.93
dark tea,0.72,2.24,1.36,2.79,0.95,0.84,24.26,4.69,0.53
oolong tea,1.53,1.12,0.55,1.23,0.26,2.4,10.02,1.75,1.17
white tea,0.34,0.58,0.37,1.03,0.17,1.54,6.73,0.79,0.72
green tea,1.87,0.38,0.24,1.33,0.43,1.09,4.56,0.62,0.83
black tea,1.28,1.66,0.87,2.73,0.46,1.1,15.77,3.21,0.68
dark tea,0.61,2.04,1.39,3.59,0.58,0.63,27.35,3.51,0.52
oolong tea,1.64,0.98,0.56,1.17,0.34,2.08,8.71,2.11,1.6
white tea,0.46,0.78,0.35,0.87,0.18,1.17,6.18,0.86,1.16
green tea,1.12,0.47,0.26,1.46,0.16,0.73,3.28,0.66,0.66
black tea,1.37,1.47,0.9,2.44,0.82,0.94,20.77,3.49,0.92
dark tea,0.73,1.97,1.16,3.19,1.02,1.03,23.61,3.32,0.54
oolong tea,2.14,1.01,0.75,1.92,0.34,2.14,14.35,1.91,1.56
white tea,0.34,0.62,0.2,0.64,0.2,1.02,5.79,0.58,1.21
green tea,1.51,0.3,0.44,1.36,0.16,1.14,4.42,0.46,0.69
black tea,1.25,1.62,0.94,2.4,0.57,0.9,19.72,2.91,0.72
dark tea,0.9,2.27,1.26,2.84,0.79,0.9,25.35,5.16,0.6
oolong tea,1.55,1.1,0.57,1.46,0.47,2.24,10.12,1.67,1.23
white tea,0.45,0.61,0.09,0.92,0.32,1.15,6.55,0.86,1.13
green tea,1.53,0.51,0.43,1.21,0.2,1.02,3.83,0.46,0.78
black tea,0.99,1.61,0.85,3.16,0.61,1.15,22.04,3.77,0.95
dark tea,0.75,1.67,0.96,3.14,0.74,0.73,25.14,4.26,0.54
oolong tea,1.62,1.16,0.3,1.27,0.39,1.7,12.55,2.38,1.84
white tea,0.38,0.94,0.26,0.79,0.17,1.1,5.01,0.88,1.18
green tea,1.3,0.6,0.52,1.32,0.14,0.45,4.93,0.38,0.67
black tea,0.95,1.24,0.94,3.03,0.48,0.72,18.63,3.4,0.59
dark tea,0.77,2.0,1.25,3.29,0.68,0.9,24.6,3.99,0.43
oolong tea,1.39,1.0,0.53,1.93,0.26,1.6,14.07,1.95,1.47
white tea,0.5,0.67,0.39,0.97,0.18,1.53,4.74,0.98,1.2
green tea,1.63,0.75,0.4,1.02,0.28,0.73,6.01,0.57,0.65
black tea,1.18,1.33,0.68,3.2,0.47,0.97,21.34,3.69,0.98
dark tea,0.87,1.81,0.9,3.81,0.79,0.72,28.32,4.28,0.61
oolong tea,2.04,1.04,0.67,1.51,0.43,2.38,12.39,2.13,1.81
white tea,0.36,0.65,0.17,0.51,0.3,0.96,5.22,0.8,1.2
green tea,1.5,0.66,0.34,1.12,0.27,0.81,5.61,0.61,0.81
black tea,1.27,1.83,0.88,2.26,0.6,1.04,18.68,3.47,1.07
dark tea,0.75,2.08,1.45,3.34,1.31,0.82,20.6,4.38,0.6
oolong tea,1.82,1.27,0.53,1.19,0.38,1.79,10.48,2.15,1.93
white tea,0.44,0.6,0.28,1.06,0.17,1.13,5.52,0.71,1.26
green tea,1.27,0.6,0.31,1.07,0.3,0.78,5.73,0.5,0.73
black tea,1.31,1.32,0.54,2.18,0.71,1.05,26.4,3.04,0.88
dark tea,0.94,2.5,1.51,3.7,1.03,0.82,26.95,3.72,0.45
oolong tea,1.5,1.12,0.49,1.67,0.5,2.02,14.09,1.71,1.56
white tea,0.33,0.52,0.24,0.83,0.28,0.36,4.22,1.17,1.36
green tea,1.45,0.52,0.3,1.08,0.33,1.18,5.54,0.49,0.53
black tea,1.17,1.25,0.91,2.69,0.49,0.87,21.28,3.05,0.65
dark tea,0.45,1.99,1.46,3.87,0.77,0.67,26.17,3.5,0.59
oolong tea,1.69,1.36,0.54,1.45,0.31,1.79,11.1,2.09,1.78
white tea,0.32,0.94,0.23,0.85,0.16,0.73,6.61,0.98,1.1
green tea,1.32,0.61,0.24,1.06,0.31,0.63,4.29,0.38,0.77
black tea,1.14,1.28,1.05,2.47,0.45,1.19,22.87,2.87,0.86
dark tea,0.8,2.17,1.18,3.11,0.71,0.76,22.32,2.7,0.6
oolong tea,1.73,0.74,0.42,1.65,0.61,2.01,10.23,1.95,1.87
white tea,0.34,0.65,0.21,0.68,0.21,1.43,5.9,0.81,1.1
green tea,0.91,0.66,0.39,1.12,0.44,0.9,3.25,0.5,0.87
black tea,1.17,1.31,1.01,2.5,0.78,1.34,18.88,3.73,0.86
dark tea,0.86,2.12,1.0,3.01,1.03,0.71,23.99,3.52,0.6
oolong tea,2.02,0.96,0.55,1.85,0.39,2.11,9.64,2.11,1.56
white tea,0.5,0.9,0.44,0.95,0.22,1.18,5.06,0.91,1.1
green tea,1.34,0.71,0.3,1.35,0.35,0.83,1.88,0.47,0.89
black tea,1.15,1.4,0.76,3.07,0.62,1.11,19.08,3.1,0.69
dark tea,0.95,1.92,1.36,3.82,1.02,0.7,26.01,3.99,0.44
oolong tea,1.58,0.94,0.7,1.38,0.42,2.07,11.05,2.15,1.51
white tea,0.49,0.58,0.26,1.19,0.15,1.03,6.14,0.88,1.21
green tea,1.42,0.63,0.51,1.22,0.23,0.97,5.9,0.53,0.55
black tea,1.34,1.58,0.47,3.07,0.48,1.13,20.83,3.32,0.97
dark tea,0.7,2.13,1.1,3.53,0.96,0.63,27.71,3.73,0.65
oolong tea,1.59,1.47,0.52,1.41,0.4,1.92,12.9,1.6,1.39
white tea,0.29,0.87,0.38,0.83,0.19,1.16,6.95,0.69,1.19
green tea,1.54,0.61,0.42,1.33,0.09,0.97,3.35,0.32,0.78
black tea,1.39,1.57,1.02,3.35,0.71,1.44,21.86,3.28,0.57
dark tea,0.72,1.79,1.53,3.18,0.87,0.82,25.11,4.85,0.47
oolong tea,1.55,1.02,0.38,1.35,0.4,1.89,10.29,1.65,1.58
white tea,0.25,0.85,0.26,0.59,0.18,1.02,5.9,1.08,0.82
green tea,1.33,0.53,0.47,1.19,0.19,0.79,3.2,0.68,0.7
black tea,1.48,1.59,0.73,2.18,0.32,0.87,20.67,3.44,0.57
dark tea,0.86,1.88,1.18,3.85,1.01,0.72,22.77,2.92,0.46
oolong tea,1.45,0.98,0.53,1.52,0.38,1.84,11.8,2.11,1.38
white tea,0.54,0.74,0.25,0.97,0.21,1.32,5.86,0.74,1.21
green tea,1.01,0.56,0.4,1.11,0.24,0.52,3.45,0.56,0.72
black tea,0.97,1.85,0.7,3.11,0.6,1.04,24.44,2.8,1.01
dark tea,0.88,1.83,1.39,3.16,0.9,0.78,24.66,4.41,0.65
oolong tea,1.06,1.38,0.34,1.76,0.51,1.73,10.78,1.72,1.56
white tea,0.37,0.85,0.35,1.09,0.17,1.11,3.4,3.41,1.32
green tea,1.7,0.4,0.34,1.15,0.27,0.71,4.42,0.49,0.7
black tea,1.25,1.6,0.77,2.71,0.54,1.09,19.35,3.85,0.95
dark tea,0.71,2.17,1.09,3.69,0.91,0.74,26.12,3.21,0.41
oolong tea,1.2,1.18,0.77,2.06,0.46,2.13,8.35,1.86,1.44
white tea,0.34,0.73,0.21,0.5,0.24,0.96,5.8,1.21,0.99
green tea,0.72,0.51,0.51,1.49,0.16,0.94,3.53,0.54,1.1
black tea,0.89,1.65,0.93,3.16,0.56,1.2,19.02,3.35,0.79
dark tea,0.83,1.91,1.22,3.24,1.05,0.74,20.57,4.63,0.44
oolong tea,1.34,1.05,0.72,0.97,0.66,2.26,11.89,1.99,1.66
white tea,0.45,0.83,0.29,0.87,0.19,1.12,5.26,1.05,1.25
green tea,0.72,0.63,0.42,1.15,0.22,1.05,4.95,0.45,0.76
black tea,0.98,1.32,0.74,3.07,0.67,1.24,21.81,3.44,0.74
dark tea,0.8,2.2,1.28,3.7,0.97,0.79,27.68,3.99,0.44
oolong tea,1.46,1.02,0.47,1.46,0.32,1.92,8.19,2.05,1.6
white tea,0.32,0.83,0.32,0.57,0.16,1.02,4.33,1.0,1.12
green tea,1.23,0.3,0.46,0.93,0.25,0.9,5.36,0.39,0.36
black tea,1.18,1.96,1.07,2.83,0.49,1.29,17.57,3.43,0.94
dark tea,0.88,2.69,1.22,3.06,0.85,0.53,23.26,3.8,0.48
oolong tea,1.54,1.01,0.69,1.5,0.4,1.92,11.77,2.21,1.43
white tea,0.33,0.71,0.15,0.71,0.18,1.3,5.83,0.88,1.3
green tea,1.27,0.6,0.39,1.2,0.21,0.45,3.87,2.01,0.84
black tea,1.32,1.85,0.87,2.82,0.47,1.09,21.54,3.7,0.83
dark tea,0.69,2.0,1.26,0.67,0.45,0.68,21.95,3.75,0.53
oolong tea,1.39,1.4,0.59,1.58,0.46,1.72,13.32,1.98,1.73
white tea,0.29,0.56,0.31,0.92,0.15,1.0,6.91,0.64,1.44
green tea,1.07,0.63,0.37,1.26,0.21,0.82,4.04,0.42,0.81
black tea,1.06,1.55,0.68,1.8,0.53,1.57,21.96,3.24,0.8
dark tea,0.75,2.14,0.94,3.67,0.98,0.84,26.1,4.01,0.63
oolong tea,1.65,1.09,0.48,1.53,0.55,1.69,8.93,2.04,1.61
white tea,0.42,0.78,0.23,1.11,0.12,1.01,5.37,0.56,1.12
green tea,1.72,0.55,0.42,0.93,0.2,0.78,3.68,0.71,0.78
black tea,0.96,1.65,0.94,3.18,0.75,0.97,17.97,2.78,0.81
dark tea,0.81,2.25,1.14,3.13,0.88,0.65,30.22,3.2,0.57
oolong tea,2.01,1.15,0.53,1.41,0.38,2.34,7.63,2.38,1.32
white tea,0.37,0.7,0.29,0.57,0.22,1.5,3.8,0.88,1.03
green tea,1.41,0.55,0.34,1.24,0.39,0.82,4.72,0.39,0.56
black tea,1.23,1.9,0.91,2.63,0.55,0.93,21.51,3.58,0.77
dark tea,0.69,2.07,1.07,3.23,1.22,0.72,24.1,3.68,0.64
oolong tea,1.45,1.04,0.72,1.85,0.34,1.53,13.26,1.83,1.76
white tea,0.2,0.86,0.16,0.98,0.2,0.98,4.99,0.97,1.17
green tea,1.45,0.8,0.24,1.43,0.26,0.69,2.67,0.53,0.84
black tea,1.13,1.9,0.6,2.75,0.39,1.21,22.22,3.09,0.45
dark tea,0.77,2.11,1.22,3.71,0.66,0.84,27.98,3.11,0.59
oolong tea,1.37,1.14,0.59,1.38,0.33,2.01,9.6,1.73,1.74
white tea,0.29,0.83,0.28,0.55,0.17,1.36,4.27,0.77,1.23
green tea,1.5,0.52,0.34,1.4,0.38,1.02,4.09,0.45,0.58
black tea,1.24,1.68,1.1,2.99,0.36,1.33,17.5,3.11,0.89
dark tea,1.0,2.75,1.26,3.18,0.94,0.86,24.2,4.9,0.58
oolong tea,1.62,1.27,0.6,1.71,0.34,1.86,9.57,2.11,1.76
white tea,0.45,0.96,0.25,0.97,0.15,1.08,6.37,1.0,1.1
green tea,1.28,0.36,0.36,1.31,0.29,0.94,4.05,0.55,0.6
black tea,1.27,1.68,0.94,2.55,0.28,1.34,18.8,2.93,0.97
dark tea,0.7,2.26,1.26,3.51,0.61,0.9,25.65,3.82,0.57
oolong tea,1.06,1.22,0.42,1.16,0.25,2.28,10.4,2.38,1.49
white tea,0.23,0.61,0.34,0.82,0.17,1.18,6.13,1.05,1.4
green tea,1.21,0.38,0.36,1.2,0.18,0.68,4.34,0.54,0.7
black tea,1.02,1.55,0.69,3.08,0.68,0.83,17.68,2.69,0.74
dark tea,0.74,1.64,0.99,2.87,0.89,0.76,23.2,4.09,0.48
oolong tea,1.43,1.44,0.72,1.18,0.48,2.2,9.49,2.2,1.91
white tea,0.29,0.64,0.33,0.9,0.23,1.21,5.99,0.62,1.33
green tea,1.59,0.52,0.4,0.88,0.29,0.95,3.94,0.69,0.65
black tea,1.25,1.4,0.85,2.68,0.58,1.09,19.67,3.56,0.77
dark tea,0.55,2.44,1.39,2.77,0.97,0.69,25.66,4.15,0.52
oolong tea,1.3,1.03,0.44,1.29,0.39,1.82,12.69,2.37,1.48
white tea,0.42,0.81,0.29,0.86,0.24,1.23,3.95,1.0,1.31
green tea,1.11,0.55,0.47,1.11,0.33,1.26,3.21,0.38,0.75
black tea,1.28,1.55,1.1,2.25,0.64,1.04,24.3,4.0,0.72
dark tea,0.68,2.21,1.08,3.23,0.85,0.51,24.97,3.66,0.49
oolong tea,1.86,0.93,0.65,1.43,0.37,2.2,12.1,2.14,1.79
white tea,0.37,0.67,0.17,0.71,0.33,1.37,3.81,0.62,1.23
green tea,1.44,0.62,0.37,1.13,0.27,0.87,1.8,0.52,0.57
black tea,1.18,2.2,0.91,2.63,0.67,1.23,21.05,3.48,1.21
dark tea,0.61,2.12,0.99,3.46,0.69,0.7,24.26,4.49,0.66
oolong tea,1.19,1.16,0.46,1.19,0.38,1.92,15.75,2.11,1.32
white tea,0.34,0.88,0.41,0.57,0.11,1.48,5.99,0.7,1.24
green tea,0.72,0.55,0.43,1.31,0.17,0.86,3.07,0.58,0.57
black tea,1.08,1.4,0.96,3.07,0.52,1.16,16.38,3.14,0.84
dark tea,1.08,1.72,1.41,3.62,0.9,0.97,25.93,4.19,0.54
oolong tea,1.81,1.34,0.47,1.17,0.38,1.8,11.39,2.31,1.51
white tea,0.4,0.76,0.31,0.46,0.17,1.19,7.0,0.76,0.82
green tea,1.45,0.47,0.28,1.04,0.24,0.74,1.8,0.66,0.89
black tea,1.26,1.37,0.81,2.75,0.62,1.27,18.16,3.28,0.93
dark tea,0.93,2.18,1.29,3.28,1.1,0.8,22.85,4.7,0.64
oolong tea,1.39,1.07,0.59,1.62,0.42,2.08,14.47,2.27,1.64
white tea,0.49,0.62,0.28,1.17,0.19,1.0,4.68,0.66,1.01
green tea,1.21,0.37,0.4,1.31,0.18,1.12,4.51,0.68,0.6
black tea,1.3,1.38,1.01,2.81,0.62,0.94,17.76,3.47,0.68
dark tea,0.81,1.66,1.3,1.09,0.95,0.83,9.78,4.29,0.58
oolong tea,1.37,0.97,0.3,1.59,0.24,2.02,11.04,2.17,1.54
white tea,0.37,0.84,0.28,0.91,0.22,0.88,6.45,0.96,0.97
green tea,1.24,0.55,0.39,1.21,0.36,1.04,2.69,0.63,0.9
black tea,1.22,1.82,1.2,3.13,0.58,1.33,20.36,3.26,0.79
dark tea,0.95,1.8,1.42,3.44,0.61,0.8,19.75,4.31,0.66
oolong tea,1.35,1.17,0.79,1.37,0.29,2.37,14.93,2.0,1.8
white tea,0.53,0.66,0.21,1.07,0.28,1.25,4.4,1.2,1.06
green tea,1.22,0.59,0.56,1.3,0.28,0.93,4.04,0.62,0.36
black tea,1.1,1.65,0.65,2.89,0.52,1.46,23.93,3.08,0.82
dark tea,0.74,1.89,1.18,2.97,0.65,0.83,26.57,3.6,0.66
oolong tea,1.34,1.19,0.65,1.49,0.45,1.87,11.16,1.95,1.45
white tea,0.38,0.56,0.21,0.8,0.19,1.11,5.42,0.93,1.3
green tea,1.14,0.4,0.3,1.06,0.22,0.72,2.7,0.49,0.73
black tea,1.25,1.49,0.78,2.4,0.55,1.0,21.43,2.58,0.79
dark tea,0.79,2.05,1.62,3.38,0.67,0.74,20.56,3.96,0.45
oolong tea,1.73,1.05,0.54,1.34,0.57,1.92,14.71,2.2,1.7
white tea,0.44,0.8,0.11,0.8,0.24,1.14,3.74,0.84,1.45
green tea,1.61,0.54,0.5,1.09,0.12,0.69,5.56,0.52,0.66
black tea,1.1,1.98,1.13,3.58,0.53,1.2,16.21,3.8,0.65
dark tea,0.78,1.73,1.05,2.94,0.74,0.68,23.63,4.42,0.41
oolong tea,1.56,1.36,0.49,1.32,0.38,2.29,11.84,1.87,1.7
white tea,0.29,0.84,0.28,0.8,0.16,0.99,6.17,1.07,1.04
green tea,1.41,0.29,0.34,1.14,0.18,0.69,3.33,0.59,0.67
black tea,0.76,1.18,0.74,2.92,0.27,1.06,18.68,3.77,0.78
dark tea,0.8,2.04,0.78,3.54,0.89,0.81,33.0,2.96,0.77
oolong tea,1.43,1.2,0.54,1.39,0.34,2.08,8.84,2.19,1.52
white tea,0.29,0.69,0.34,0.76,0.22,1.02,6.45,0.97,1.47
green tea,1.26,0.63,0.41,1.38,0.2,0.98,3.81,0.54,0.71
black tea,1.19,1.58,0.89,3.34,0.67,1.3,18.86,2.92,1.02
dark tea,0.86,2.37,1.04,3.16,0.56,0.7,27.49,3.77,0.63
oolong tea,1.45,1.21,0.41,1.52,0.18,1.95,8.65,2.3,1.76
white tea,0.45,0.94,0.18,1.16,0.25,1.11,6.92,0.66,1.01
green tea,1.15,0.48,0.29,1.36,0.23,0.91,3.43,0.32,0.74
black tea,0.82,1.59,0.61,3.5,0.66,1.17,23.16,2.93,0.95
dark tea,0.77,2.07,1.37,3.52,0.9,0.54,22.6,3.94,0.56
oolong tea,1.22,1.57,0.74,1.65,0.41,1.95,9.83,2.02,1.65
white tea,0.28,0.79,0.24,0.52,0.16,1.08,7.86,0.95,0.92
green tea,1.42,0.36,0.51,1.07,0.24,1.08,2.71,0.38,0.61
black tea,1.33,1.3,0.45,2.58,0.62,1.36,18.84,3.1,1.05
dark tea,0.52,1.9,1.18,3.42,0.76,0.75,18.78,3.67,0.61
oolong tea,1.25,1.16,0.61,1.41,0.42,1.76,11.14,2.15,1.63
white tea,0.34,0.78,0.3,0.49,0.26,1.09,6.03,1.06,0.91
green tea,1.12,0.51,0.32,1.45,0.19,0.75,4.2,0.4,0.64
black tea,1.21,1.53,0.83,2.55,0.36,1.21,24.39,3.26,0.89
dark tea,0.84,1.68,0.39,3.33,1.14,0.66,29.55,4.39,0.62
oolong tea,1.56,1.11,0.7,1.54,0.2,1.72,11.17,2.08,1.59
white tea,0.52,0.51,0.26,0.53,0.24,1.13,6.02,0.7,1.37
green tea,1.56,0.62,0.39,1.25,0.2,1.0,5.65,0.68,0.59
black tea,1.21,1.34,0.95,2.92,0.32,0.95,19.29,3.14,0.64
dark tea,0.8,2.06,1.12,2.97,1.03,0.96,23.79,3.69,0.61
oolong tea,1.41,1.13,0.64,1.02,0.53,2.02,10.78,1.98,1.59
white tea,0.23,0.94,0.25,0.93,0.25,0.97,6.09,0.8,1.3
green tea,0.77,0.54,0.34,1.23,0.29,0.73,3.29,0.54,0.57
black tea,1.3,1.53,0.45,2.61,0.42,0.86,16.91,3.29,1.08
dark tea,0.79,1.85,1.23,3.08,0.73,0.61,20.62,3.81,0.57
oolong tea,1.48,1.08,0.43,1.65,0.27,2.19,9.75,1.81,1.31
white tea,0.35,0.87,0.29,1.02,0.23,0.96,5.09,0.71,1.38
green tea,1.0,0.66,0.49,1.47,0.22,0.97,6.28,0.47,0.47
black tea,0.82,1.74,0.52,2.61,0.6,1.18,21.06,3.33,1.07
dark tea,0.63,1.83,1.01,3.56,1.01,0.81,27.96,3.41,0.76
oolong tea,1.88,1.28,0.77,1.09,0.35,1.82,12.76,1.74,1.75
white tea,0.54,0.84,0.27,0.68,0.16,1.37,6.47,0.84,1.08
green tea,0.79,0.42,0.59,0.93,0.26,1.03,2.75,0.57,0.84
black tea,1.15,2.17,0.56,3.15,0.53,1.29,21.1,2.98,0.89
dark tea,0.52,2.15,1.2,3.49,1.04,0.8,25.37,3.56,0.46
oolong tea,1.8,1.4,0.52,1.51,0.31,2.29,12.66,2.49,1.42
white tea,0.36,0.78,0.3,0.81,0.16,1.3,6.4,0.69,1.39
green tea,1.59,0.57,0.41,1.25,0.19,0.86,1.85,0.66,0.47
black tea,1.41,1.53,0.81,2.51,0.51,1.4,13.78,3.73,0.91
dark tea,0.6,1.73,1.44,2.9,0.65,0.89,25.85,3.53,0.58
oolong tea,1.24,1.34,0.68,1.63,0.44,2.44,11.5,1.7,1.69
white tea,0.61,0.62,0.22,0.92,0.2,0.98,6.9,1.26,1.18
green tea,1.07,0.36,0.43,1.34,0.29,0.85,3.41,0.41,0.83
black tea,1.31,1.29,1.13,2.97,0.72,0.92,16.59,3.19,0.94
dark tea,0.97,2.18,1.11,2.87,1.07,0.63,29.07,3.86,0.75
oolong tea,1.67,1.13,0.49,1.41,0.44,2.02,10.46,1.96,1.62
white tea,0.19,0.81,0.18,0.65,0.12,0.84,3.81,0.73,1.49
green tea,1.17,0.57,0.44,1.17,0.24,0.64,5.45,0.78,0.45
black tea,0.97,1.54,0.68,2.94,0.46,1.53,22.98,3.33,1.03
dark tea,0.89,1.86,1.01,3.28,1.0,0.77,21.06,3.6,0.54
oolong tea,1.48,1.5,0.38,1.63,0.55,2.57,10.79,2.12,1.71
white tea,0.42,0.74,0.28,0.45,0.23,1.17,5.22,1.21,1.03
green tea,1.2,0.8,0.32,1.05,0.24,1.0,4.21,0.39,0.62
black tea,1.04,1.58,0.92,2.91,0.33,1.34,20.63,3.77,0.93
dark tea,0.89,2.12,1.39,3.45,0.83,1.03,27.22,4.29,0.39
oolong tea,1.18,1.2,0.57,1.35,0.41,2.4,12.72,1.71,1.58
white tea,0.32,0.7,0.22,0.77,0.14,1.13,4.8,0.45,1.51
green tea,1.57,0.5,0.4,0.94,0.38,1.18,4.16,0.68,0.73
black tea,0.92,1.52,0.87,2.58,0.52,1.13,19.8,3.27,0.66
dark tea,0.66,1.68,1.32,2.46,1.05,0.92,24.24,2.7,0.5
oolong tea,1.48,0.97,0.49,1.88,0.47,1.77,8.7,1.92,1.56
white tea,0.45,0.68,0.29,1.19,0.24,1.14,5.27,0.79,1.36
green tea,1.14,0.56,0.41,1.06,0.15,0.91,3.94,0.61,0.62
black tea,1.36,1.42,1.15,2.09,0.6,1.23,18.01,3.41,1.07
dark tea,0.47,2.13,0.72,2.89,1.14,0.68,22.07,3.9,0.81
oolong tea,1.04,0.97,0.74,1.96,0.39,1.69,15.17,2.4,1.74
white tea,0.32,0.74,0.24,0.91,0.27,1.3,4.15,1.09,1.2
green tea,1.47,0.73,0.29,1.14,0.21,0.58,4.35,0.86,0.42
black tea,1.14,1.73,0.87,2.71,0.39,1.19,18.11,2.43,1.06
dark tea,0.87,2.01,1.19,3.65,0.89,0.86,24.26,4.66,0.59
oolong tea,1.55,0.93,0.59,1.29,0.34,1.8,9.63,2.53,1.87
white tea,0.59,0.6,0.03,0.62,0.17,0.99,7.05,0.78,1.34
green tea,1.45,0.84,0.25,1.37,0.34,0.68,5.01,0.59,0.67
black tea,1.01,1.46,1.21,2.75,0.65,1.01,18.05,3.66,0.61
dark tea,0.7,2.01,1.17,3.18,0.92,0.84,26.84,3.51,0.51
oolong tea,1.8,1.31,0.38,1.59,0.2,2.01,14.82,1.76,1.43
white tea,0.48,0.56,0.2,0.95,0.17,1.11,6.43,0.92,1.2
green tea,1.22,0.6,0.39,1.23,0.21,0.82,3.01,0.55,0.58
black tea,0.96,1.65,0.89,3.04,0.5,1.22,21.38,3.42,0.71
dark tea,0.77,2.09,1.15,2.47,0.88,1.03,24.1,3.64,0.6
oolong tea,1.58,1.36,0.39,1.68,0.46,1.96,12.09,2.26,1.77
white tea,0.29,0.85,0.25,0.86,0.2,1.12,6.99,0.84,0.95
green tea,1.2,0.57,0.52,1.26,0.19,1.28,4.26,0.71,0.68
black tea,1.24,1.77,1.06,3.15,0.66,1.09,18.57,3.37,1.01
dark tea,0.72,2.27,1.4,2.91,0.7,0.73,25.77,3.74,0.72
oolong tea,1.61,1.16,0.37,1.17,0.43,1.47,13.27,1.96,2.2
white tea,0.63,0.73,0.24,1.02,0.29,0.86,3.27,0.74,1.25
green tea,1.42,0.68,0.28,0.74,0.31,0.71,1.98,0.57,0.82
black tea,1.13,1.51,0.82,2.61,0.38,1.02,21.3,3.37,0.88
dark tea,0.63,1.95,0.77,3.32,1.1,0.57,23.54,4.16,0.71
oolong tea,1.39,1.03,0.3,1.53,0.6,2.07,11.46,2.08,1.6
white tea,0.32,0.85,0.27,0.85,0.15,1.38,6.33,0.75,1.33
green tea,1.18,0.45,0.32,0.84,0.29,0.53,2.77,0.29,0.69
black tea,1.12,1.53,0.67,2.31,0.61,1.05,20.79,2.92,0.88
dark tea,0.91,2.15,1.08,3.35,0.81,0.75,24.19,3.92,0.58
oolong tea,1.25,0.97,0.38,1.1,0.28,2.04,9.94,2.13,1.61
white tea,0.2,0.83,0.31,0.68,0.22,1.0,5.62,0.63,0.84
green tea,1.2,0.53,0.36,0.94,0.22,0.9,3.96,0.57,0.6
black tea,1.36,1.36,0.94,3.19,0.61,1.11,18.68,3.64,0.6
dark tea,0.63,1.9,1.37,3.39,0.68,0.71,23.46,3.65,0.67
oolong tea,1.16,1.43,0.65,1.77,0.35,1.96,8.99,1.87,1.7
white tea,0.53,0.61,0.22,0.82,0.13,1.25,4.6,0.82,1.07
green tea,1.1,0.55,0.38,1.08,0.2,0.91,5.65,0.57,0.85
black tea,0.91,1.63,0.66,2.2,0.46,1.36,22.38,3.34,0.58
dark tea,0.73,2.08,1.18,6.59,0.69,0.74,26.34,2.9,0.53
oolong tea,1.54,1.3,0.64,1.65,0.32,1.52,10.81,2.25,1.88
white tea,0.47,0.8,0.28,0.75,0.19,1.44,4.32,1.13,1.09
green tea,1.63,0.37,0.46,1.02,0.14,0.89,5.01,0.44,0.48
black tea,1.13,1.58,0.95,3.11,0.54,1.47,20.56,3.12,0.57
dark tea,0.72,1.92,1.32,3.42,0.64,0.77,26.68,4.76,0.66
oolong tea,1.69,1.16,0.6,1.81,0.27,1.91,10.15,2.09,1.85
white tea,0.34,0.45,0.22,1.01,0.23,1.22,5.15,0.63,1.24
green tea,1.09,0.82,0.46,1.05,0.2,0.83,3.76,0.69,0.73
black tea,1.02,1.98,0.86,3.04,0.47,1.21,20.78,2.54,1.2
dark tea,0.91,1.9,0.96,3.38,0.87,0.79,25.48,4.25,0.73
oolong tea,1.64,0.97,0.72,1.91,0.66,1.72,11.93,1.48,1.71
white tea,0.35,0.99,0.19,0.55,0.18,0.8,6.44,0.49,1.15
green tea,0.78,0.51,0.56,1.21,0.19,0.84,4.02,0.61,0.49
black tea,1.25,1.08,0.74,2.57,0.63,1.15,16.49,2.88,0.88
dark tea,0.74,1.86,1.07,3.51,0.76,0.74,30.42,3.29,0.32
oolong tea,1.7,1.03,0.51,1.3,0.37,2.4,12.9,2.22,1.32
white tea,0.28,0.45,0.19,1.02,0.23,1.11,5.47,0.73,1.19
green tea,1.49,0.35,0.43,1.31,0.22,0.97,6.6,0.54,0.76
black tea,1.02,1.64,0.93,2.82,0.42,1.19,23.66,3.42,1.02
dark tea,0.72,2.19,1.2,2.89,0.91,0.63,23.42,4.09,0.59
oolong tea,1.2,1.33,0.62,1.32,0.25,1.96,10.72,2.03,1.53
white tea,0.2,0.7,0.23,0.96,0.17,1.44,3.11,1.08,1.11
green tea,1.51,0.56,0.51,1.08,0.17,1.1,3.89,0.58,0.89
black tea,0.97,1.72,0.75,2.7,0.56,0.89,18.05,3.76,1.01
dark tea,0.74,2.06,1.1,3.76,0.81,0.78,27.87,3.61,0.74
oolong tea,1.12,1.44,0.5,1.44,0.21,1.89,9.68,1.85,1.57
white tea,0.5,0.78,0.27,0.66,0.16,1.46,4.58,1.14,1.11
green tea,1.3,0.68,0.53,1.13,0.22,0.84,4.34,0.66,0.7
black tea,1.26,1.93,0.92,2.87,0.36,0.72,20.97,3.21,0.76
dark tea,0.78,1.98,1.35,3.28,0.72,0.87,24.46,4.26,0.49
oolong tea,1.34,1.16,0.55,1.62,0.37,1.54,10.74,2.2,1.54
white tea,0.38,0.87,0.2,0.58,0.19,1.07,4.29,0.82,1.24
green tea,1.3,0.59,0.58,1.09,0.27,0.76,3.15,0.48,0.63
black tea,1.21,2.07,0.72,2.59,0.54,1.22,20.66,3.73,0.45
dark tea,0.45,1.88,1.34,2.66,0.45,0.82,25.61,3.45,0.43
oolong tea,1.26,1.17,0.47,1.62,0.18,1.79,9.53,1.94,1.49
white tea,0.48,0.52,0.25,0.95,0.29,1.07,5.91,0.53,0.73
green tea,1.51,0.55,0.52,0.91,0.29,1.18,4.42,0.58,0.7
black tea,0.88,1.87,0.74,2.94,0.35,0.94,23.59,3.12,1.1
dark tea,0.74,1.54,1.31,3.03,0.97,0.75,21.14,4.08,0.82
oolong tea,1.62,1.14,0.68,1.55,0.42,1.73,11.91,2.26,1.43
white tea,0.54,0.74,0.18,1.02,0.19,1.28,5.14,0.84,1.24
green tea,1.37,0.3,0.29,1.31,0.24,0.76,2.64,0.42,0.4
black tea,1.13,1.48,0.68,2.72,0.6,1.52,16.22,3.68,1.02
dark tea,0.65,2.05,1.07,3.32,1.11,0.83,26.27,3.78,0.36
oolong tea,1.45,1.36,0.36,1.24,0.41,1.75,10.11,1.89,1.33
white tea,0.3,0.84,0.15,0.57,0.17,1.28,5.25,0.77,1.16
green tea,0.86,0.61,0.44,1.08,0.33,0.65,5.13,0.57,0.65
black tea,1.15,1.58,1.06,2.35,0.45,1.33,18.51,3.59,1.15
dark tea,0.7,2.17,0.95,3.53,0.88,0.81,23.39,3.17,0.61
oolong tea,0.98,1.09,0.67,1.55,0.59,2.26,10.36,2.01,1.59
white tea,0.24,0.63,0.21,0.49,0.2,1.11,3.41,0.92,1.28
green tea,1.36,0.51,0.46,1.27,0.27,0.71,4.28,0.7,0.61
black tea,1.52,1.49,0.86,2.5,0.58,0.85,18.63,2.84,0.87
dark tea,0.87,2.16,0.73,4.02,0.9,0.65,25.39,4.09,0.47
oolong tea,1.55,1.04,0.5,1.33,0.26,2.04,12.52,2.13,1.76
white tea,0.43,0.68,0.31,0.61,0.15,0.98,6.85,1.01,1.24
green tea,1.57,0.44,0.43,1.13,0.31,0.83,3.62,0.62,0.83
black tea,1.03,1.59,0.66,1.81,0.58,1.26,20.66,2.52,0.79
dark tea,0.47,2.34,0.96,3.72,1.02,0.64,22.17,4.18,0.44
oolong tea,1.53,1.07,0.33,0.94,0.42,1.86,10.53,2.17,1.83
white tea,0.37,0.71,0.29,0.61,0.21,1.25,6.35,0.51,1.02
green tea,1.08,0.56,0.45,1.41,0.21,0.76,5.15,0.59,0.89
black tea,1.2,1.37,0.62,2.17,0.63,1.36,24.62,3.57,1.05
dark tea,0.68,1.71,1.3,3.41,0.87,0.8,25.81,4.64,0.71
oolong tea,1.64,1.3,0.61,1.38,0.48,1.65,13.34,1.7,1.66
white tea,0.32,0.82,0.25,0.57,0.22,1.05,6.6,0.85,1.22
green tea,1.06,0.48,0.35,1.3,0.38,0.71,5.08,0.28,0.52
black tea,0.98,1.33,0.57,2.9,0.52,1.22,21.73,3.35,0.97
dark tea,0.74,1.7,1.34,3.03,0.69,0.73,22.72,3.79,0.59
oolong tea,1.59,0.99,0.49,1.77,0.45,2.52,13.57,2.29,1.32
white tea,0.48,0.74,0.21,0.88,0.25,1.24,4.4,0.98,1.04
green tea,1.35,0.51,0.38,1.28,0.17,1.19,2.18,0.48,0.76
black tea,1.25,1.58,0.84,2.9,0.52,1.39,22.1,3.58,0.68
dark tea,0.74,1.92,0.97,3.39,0.76,0.83,22.32,4.86,0.44
oolong tea,1.55,1.29,0.48,1.71,0.28,2.36,11.52,1.85,1.54
white tea,0.48,0.68,0.19,0.81,0.14,1.47,4.79,1.0,1.19
green tea,1.05,0.55,0.48,1.12,0.34,1.03,4.92,0.49,0.54
black tea,1.04,1.64,0.95,1.94,0.55,1.18,19.31,3.73,0.92
dark tea,0.91,1.95,1.31,3.86,1.08,0.61,24.37,3.83,0.61
oolong tea,1.67,1.0,0.56,1.0,0.54,1.87,11.6,1.92,1.83
white tea,0.18,0.75,0.24,0.77,0.29,0.99,6.46,0.91,1.37
green tea,1.13,0.46,0.51,1.22,0.13,0.76,4.39,0.65,0.6
black tea,0.72,1.7,0.64,1.99,0.27,1.29,20.32,3.17,1.09
dark tea,0.83,2.4,0.91,3.24,0.57,0.72,24.38,4.31,0.56
oolong tea,1.66,1.27,0.82,1.42,0.31,2.06,10.1,2.37,1.54
white tea,0.34,0.69,0.3,0.82,0.17,1.44,4.43,0.86,1.26
green tea,0.89,0.61,0.29,1.29,0.18,0.97,5.11,0.66,0.74
black tea,1.11,1.48,1.11,2.49,0.42,1.27,18.01,2.89,0.6
dark tea,0.69,1.98,1.19,3.61,0.94,0.73,24.5,4.26,0.71
oolong tea,1.53,1.07,0.43,1.14,0.47,2.14,12.51,1.97,1.88
white tea,0.35,0.87,0.25,0.74,0.23,1.22,5.95,0.86,1.14
green tea,1.9,0.7,0.47,1.17,0.33,0.94,4.03,0.51,0.69
black tea,0.72,1.64,0.76,3.35,0.55,0.94,19.88,2.86,0.93
dark tea,0.79,2.24,1.01,3.26,0.61,0.84,26.3,4.25,0.55
oolong tea,1.6,1.43,0.51,1.53,0.29,1.78,11.67,2.28,1.55
white tea,0.38,0.7,0.21,0.9,0.13,1.37,4.67,0.98,0.93
green tea,1.47,0.63,0.44,0.98,0.27,0.64,3.75,0.68,0.82
black tea,1.15,1.41,0.96,2.76,0.27,1.29,19.94,3.7,0.66
dark tea,0.45,2.07,1.2,2.62,0.68,1.09,24.24,4.37,0.47
oolong tea,0.98,1.12,0.52,1.4,0.39,2.07,11.24,1.68,1.7
white tea,0.21,0.49,0.31,0.94,0.2,0.91,4.62,0.8,0.87
green tea,1.12,0.63,0.54,1.08,0.31,0.52,4.66,0.45,0.75
black tea,1.11,1.86,0.7,2.99,0.52,1.12,19.54,2.93,0.85
dark tea,0.74,2.06,1.16,3.55,1.01,0.62,27.17,3.41,0.62
oolong tea,1.65,0.82,0.56,1.38,0.32,2.34,10.36,1.8,1.62
white tea,0.47,0.73,0.34,0.94,0.09,1.06,4.8,0.93,0.72
green tea,1.94,0.62,0.41,1.36,0.43,1.0,4.95,0.57,0.68
black tea,1.07,1.43,0.73,2.24,0.54,0.86,20.48,3.24,0.88
dark tea,0.68,2.75,1.39,2.78,0.89,0.67,22.46,3.33,0.6
oolong tea,1.33,1.32,0.67,1.84,0.31,2.12,12.61,1.88,1.45
white tea,0.56,0.78,0.3,0.71,0.14,1.05,5.34,0.66,1.15
green tea,0.88,0.41,0.47,1.26,0.22,0.67,2.97,0.5,0.8
black tea,1.31,1.5,0.65,2.85,0.45,1.06,23.31,3.56,0.88
dark tea,0.59,2.05,1.34,3.11,1.09,0.91,29.16,4.15,0.62
oolong tea,1.85,1.23,0.49,1.39,0.42,1.68,11.25,2.27,1.16
white tea,0.55,0.89,0.22,0.95,0.2,1.37,6.73,0.6,1.25
green tea,1.25,0.56,0.33,1.46,0.33,0.72,2.67,0.5,0.77
black tea,1.19,1.85,0.99,3.11,0.59,0.91,19.51,3.65,0.84
dark tea,0.81,1.92,0.97,3.2,0.9,0.67,24.41,3.53,1.71
oolong tea,1.43,1.4,0.74,1.48,0.3,1.48,8.92,1.66,1.88
white tea,0.41,0.8,0.09,0.64,0.24,1.2,5.32,0.95,1.44
green tea,1.24,0.56,0.42,1.57,0.09,0.97,3.89,0.62,0.6
black tea,1.14,1.74,1.32,3.05,0.44,1.08,18.87,2.58,0.79
dark tea,0.84,1.68,1.33,3.43,0.72,0.73,29.0,4.37,0.55
oolong tea,1.44,1.16,0.49,0.97,0.6,2.04,12.2,1.99,1.45
white tea,0.38,0.55,0.42,0.63,0.15,1.07,7.11,0.85,0.93
green tea,1.61,0.64,0.45,1.28,0.43,1.23,3.31,0.75,0.76
black tea,1.24,1.26,0.82,2.45,0.65,1.34,14.81,3.24,1.05
dark tea,0.73,2.18,1.21,3.38,0.8,0.6,22.2,4.35,0.55
oolong tea,1.47,1.08,0.51,1.76,0.37,1.66,12.8,1.95,1.61
white tea,0.56,0.75,0.27,0.64,0.19,1.26,3.56,0.89,1.17
green tea,1.31,0.68,0.43,1.41,0.18,0.87,4.08,0.42,0.84
black tea,1.56,1.6,0.94,2.78,0.46,0.83,18.24,2.73,1.15
dark tea,0.74,1.91,1.31,2.83,0.72,0.76,27.57,4.25,0.58
oolong tea,1.52,1.22,0.58,1.24,0.4,1.73,11.64,1.88,2.11
white tea,0.4,0.57,0.24,0.94,0.28,1.05,3.52,0.99,0.91
green tea,1.19,0.52,0.39,1.27,0.2,0.8,3.99,0.57,0.71
black tea,1.23,1.77,0.92,2.92,0.35,1.16,21.2,3.52,0.73
dark tea,0.67,1.86,1.24,3.64,0.78,0.86,25.31,3.94,0.52
oolong tea,1.69,1.21,0.83,1.29,0.45,1.87,9.98,2.0,1.63
white tea,0.66,0.73,0.17,0.9,0.1,1.13,5.52,0.99,1.32
green tea,1.17,0.53,0.32,0.95,0.27,0.63,3.59,0.43,0.78
black tea,1.47,1.34,0.53,2.7,0.55,1.19,18.88,3.17,0.91
dark tea,0.88,1.51,1.09,3.33,0.69,0.97,23.41,3.98,0.62
oolong tea,1.35,0.83,0.5,1.76,0.37,1.79,13.12,1.92,1.5
white tea,0.41,0.85,0.43,0.99,0.26,1.06,4.22,0.86,1.17
green tea,1.03,0.53,0.44,1.21,0.29,0.9,3.49,0.49,0.52
black tea,1.46,1.6,0.81,2.4,0.88,0.96,18.93,3.41,0.96
dark tea,0.87,2.45,1.24,2.85,0.81,0.79,30.17,3.3,0.7
oolong tea,1.54,1.3,0.54,1.29,0.48,2.16,13.2,2.0,1.48
white tea,0.24,0.85,0.28,0.68,0.17,1.07,3.65,0.71,0.95
green tea,1.2,0.46,0.24,1.5,0.34,0.71,4.27,0.6,0.88
black tea,1.01,1.82,0.75,2.25,0.64,1.38,26.47,2.8,0.97
dark tea,0.7,2.2,0.89,2.78,0.71,0.76,23.4,4.33,0.68
oolong tea,1.65,1.43,0.6,1.2,0.54,1.85,13.09,2.39,1.69
white tea,0.25,0.64,0.35,0.82,0.2,1.28,6.37,0.9,1.11
green tea,1.22,0.66,0.46,1.1,0.33,0.83,3.15,0.46,0.55
black tea,1.1,1.85,0.71,2.82,0.47,1.1,16.22,3.17,0.82
dark tea,0.82,2.06,0.94,3.66,0.89,0.77,24.98,3.74,0.58
oolong tea,1.62,0.84,0.48,1.44,0.43,2.3,10.15,1.88,1.5
white tea,0.32,0.71,0.31,0.67,0.22,0.85,4.8,0.79,1.44
green tea,1.23,0.27,0.2,1.16,0.3,0.92,4.17,0.7,0.62
black tea,1.31,1.27,0.69,2.07,0.52,1.14,20.29,3.27,0.69
dark tea,0.73,1.63,1.39,3.14,0.76,0.95,21.89,3.44,0.41
oolong tea,1.48,1.23,0.64,2.14,0.18,2.15,10.53,1.85,1.48
white tea,0.31,0.96,0.31,0.85,0.27,0.89,3.84,0.47,1.03
green tea,1.34,0.56,0.41,0.9,0.31,0.89,4.73,0.31,0.75
black tea,0.94,1.52,0.94,2.78,0.44,1.15,16.17,1.15,0.81
dark tea,0.89,1.87,1.06,2.96,1.0,0.66,26.61,3.81,0.3
oolong tea,1.36,0.94,0.55,1.2,0.49,1.98,11.19,2.16,1.79
white tea,0.4,0.65,0.12,0.73,0.17,1.17,5.07,0.97,1.04
green tea,1.29,0.7,0.43,1.14,0.2,0.74,3.15,0.48,0.81
black tea,1.11,1.33,1.16,2.87,0.37,1.07,20.28,3.89,0.66
dark tea,0.87,2.35,1.04,3.15,0.67,0.72,24.91,4.33,0.69
oolong tea,1.31,0.81,0.55,1.57,0.42,1.92,11.72,2.38,1.68
white tea,0.36,0.69,0.24,1.14,0.19,1.15,4.9,1.04,1.49
green tea,1.41,0.56,0.4,0.73,0.31,0.87,4.43,0.46,0.64
black tea,1.08,1.8,0.78,3.53,0.6,0.93,19.68,3.01,0.47
dark tea,0.95,2.18,1.24,3.31,0.61,0.69,27.1,3.47,0.27
oolong tea,1.44,1.13,0.57,1.68,0.46,2.06,13.59,1.62,1.7
white tea,0.46,0.6,0.14,0.72,0.17,1.28,4.73,0.7,1.04
green tea,1.58,0.55,0.38,1.13,0.35,0.72,5.32,0.58,0.68
black tea,1.59,1.39,0.79,2.29,0.67,1.45,24.17,3.71,0.82
dark tea,0.7,1.58,1.51,3.43,0.76,0.92,22.57,4.2,0.53
oolong tea,1.66,1.14,0.37,1.52,0.5,1.99,12.86,1.74,1.59
white tea,0.34,0.84,0.25,0.97,0.25,1.27,5.84,0.68,1.15
green tea,1.17,0.51,0.36,0.98,0.1,0.73,4.19,0.38,0.7
black tea,1.48,1.8,1.14,2.9,0.7,1.02,18.39,2.25,1.06
dark tea,0.94,1.86,1.11,2.97,0.92,0.89,20.64,4.2,0.52
oolong tea,1.53,1.23,0.53,1.47,0.38,2.24,12.23,2.06,1.35
white tea,0.36,0.86,0.25,0.97,0.29,1.33,5.62,0.76,0.72
green tea,1.26,0.51,0.44,1.12,0.23,0.54,3.06,0.61,0.96
black tea,1.13,1.67,1.02,2.45,0.6,1.02,22.16,3.31,0.9
dark tea,0.65,2.18,1.51,2.87,0.79,0.78,26.97,3.72,0.27
oolong tea,1.84,1.28,0.33,1.35,0.56,2.36,13.14,1.96,1.62
white tea,0.39,0.89,0.18,0.71,0.25,1.14,7.22,0.73,1.14
green tea,1.07,0.55,0.25,1.06,0.14,0.97,4.72,0.33,0.9
black tea,1.59,1.61,0.74,3.81,0.39,1.15,20.45,3.75,0.91
dark tea,0.69,1.76,1.09,2.87,0.86,0.68,21.26,4.63,0.49
oolong tea,1.18,1.12,0.56,1.06,0.43,1.74,14.49,2.13,1.52
white tea,0.33,0.74,0.3,0.85,0.19,1.16,4.75,0.79,0.78
green tea,1.54,0.59,0.32,1.48,0.26,0.67,4.86,0.6,0.76
black tea,1.08,1.69,0.8,2.96,0.31,1.07,24.31,2.96,0.74
dark tea,0.69,1.7,0.76,3.16,0.87,0.74,24.64,4.02,0.68
oolong tea,1.45,1.05,0.51,1.64,0.54,1.84,11.67,2.08,1.4
white tea,0.4,0.57,0.12,0.91,0.18,1.19,5.48,0.68,1.14
green tea,0.99,0.72,0.26,1.12,0.17,0.95,3.67,0.49,0.83
black tea,1.16,1.7,0.68,2.22,0.56,1.09,21.57,3.22,0.89
dark tea,0.55,2.47,1.12,3.51,0.7,0.79,21.74,4.23,0.51
oolong tea,1.51,1.27,0.4,1.33,0.45,2.52,11.26,2.15,1.58
white tea,0.59,0.53,0.26,0.57,0.09,1.2,5.67,0.8,1.13
green tea,1.98,0.52,0.45,1.04,0.27,0.81,3.59,0.78,0.88
black tea,1.17,1.14,0.79,3.76,0.52,1.34,23.6,3.33,0.7
dark tea,0.45,2.17,1.01,3.32,0.63,0.72,25.08,4.13,0.41
oolong tea,1.8,1.05,0.34,1.47,0.4,2.04,13.88,1.94,1.58
white tea,0.29,0.85,0.26,0.78,0.1,1.4,3.97,0.75,1.21
green tea,1.0,0.36,0.19,1.28,0.21,1.32,3.01,0.43,0.62
black tea,1.19,1.51,0.96,2.38,0.38,0.84,14.44,3.06,0.8
dark tea,0.67,2.31,1.36,3.12,0.54,0.68,23.5,3.67,0.46
oolong tea,1.34,1.08,0.47,1.55,0.44,1.77,13.72,1.75,1.28
white tea,0.44,0.65,0.27,0.45,0.27,1.27,3.62,0.59,1.44
green tea,1.12,0.45,0.18,1.09,0.23,0.98,2.6,0.36,0.77
black tea,1.33,1.29,1.04,2.76,0.69,1.14,13.69,3.19,1.04
dark tea,0.64,1.9,1.12,2.25,1.14,0.64,26.26,3.96,0.71
oolong tea,1.6,1.11,0.44,1.7,0.21,2.16,9.58,2.31,1.63
white tea,0.46,0.76,0.12,0.7,0.23,1.18,6.98,0.92,0.98
green tea,1.1,0.56,0.18,1.44,0.28,1.06,2.42,0.71,1.03
black tea,0.92,1.75,0.85,2.17,0.61,1.3,18.5,3.69,0.56
dark tea,0.56,2.03,1.15,2.98,0.99,0.82,27.15,3.94,0.63
oolong tea,1.39,1.51,0.45,2.03,0.4,1.66,13.89,2.03,1.77
white tea,0.52,0.79,0.21,1.02,0.2,1.27,2.81,0.93,1.04
green tea,1.71,0.63,0.42,1.24,0.18,1.13,5.99,0.6,0.94
black tea,1.05,1.44,0.86,2.91,0.5,1.24,20.77,2.88,0.94
dark tea,0.86,2.04,1.35,2.79,0.93,0.6,22.21,3.68,0.43
oolong tea,1.36,1.11,0.65,1.42,0.24,2.29,10.04,1.99,1.69
white tea,0.42,0.89,0.29,0.7,0.31,1.18,5.32,1.02,1.19
green tea,1.4,0.86,0.37,1.09,0.26,1.04,2.49,0.3,0.61
black tea,0.86,1.52,0.94,2.42,0.37,1.16,22.16,2.61,0.99
dark tea,0.85,2.24,1.36,4.08,0.79,0.76,23.96,4.0,0.74
oolong tea,1.16,1.0,0.72,1.76,0.36,2.21,12.1,2.38,1.61
white tea,0.5,1.08,0.29,0.86,0.24,1.09,8.48,0.88,1.1
green tea,1.09,0.69,0.49,1.06,0.29,0.59,4.18,0.61,0.96
black tea,1.02,1.34,0.69,2.25,0.72,1.42,20.8,3.71,0.87
dark tea,0.74,1.92,1.1,2.67,0.9,0.74,26.86,4.05,0.53
oolong tea,1.28,1.16,0.64,1.21,0.41,2.06,10.24,1.85,1.65
white tea,0.29,0.79,0.18,1.04,0.32,1.0,6.17,0.72,1.33
green tea,4.55,0.61,0.31,1.11,0.17,0.99,3.16,0.62,0.65
black tea,1.13,1.63,0.72,2.83,0.74,1.01,22.93,3.81,0.71
dark tea,0.57,2.08,1.05,3.95,0.86,0.65,22.13,4.54,0.48
oolong tea,1.51,1.32,0.49,1.49,0.4,2.17,12.53,1.94,1.61
white tea,0.36,0.57,0.27,1.18,0.16,1.01,4.41,0.98,1.23
green tea,1.26,0.44,0.41,0.88,0.26,1.0,2.75,0.36,0.94
black tea,1.04,1.83,0.82,2.69,0.6,1.0,20.33,3.11,0.62
dark tea,0.79,1.93,1.12,2.8,1.13,0.86,27.41,3.85,0.33
oolong tea,1.99,1.14,0.46,1.6,0.52,1.99,13.74,2.27,1.38
white tea,0.33,0.87,0.09,0.82,0.13,1.07,5.13,0.79,1.05
green tea,1.03,0.84,0.59,0.95,0.37,0.78,4.13,0.54,0.6
black tea,1.32,1.63,0.77,2.26,0.44,0.86,20.03,2.8,0.8
dark tea,0.92,2.3,1.14,3.22,1.18,0.82,24.18,3.29,0.6
oolong tea,1.71,1.04,0.59,1.41,0.38,1.38,11.11,2.24,1.47
white tea,0.41,0.66,0.28,0.81,0.15,1.38,6.66,0.74,1.24
green tea,1.43,0.63,0.23,1.33,0.21,0.79,6.6,0.59,0.64
black tea,0.76,1.88,0.61,2.37,0.51,1.4,21.93,3.19,0.9
dark tea,0.67,2.03,1.16,3.61,1.02,0.81,24.09,4.37,0.54
oolong tea,1.23,1.08,0.56,1.73,0.09,1.7,11.6,2.03,1.64
white tea,0.49,0.88,0.21,0.74,0.15,1.27,7.31,0.79,1.11
green tea,1.67,0.61,0.44,0.94,0.3,0.69,2.87,0.51,0.61
black tea,1.11,1.31,1.02,3.17,0.31,1.32,17.97,3.57,0.84
dark tea,0.75,1.95,1.36,2.79,0.96,0.89,26.79,5.16,0.48
oolong tea,1.74,1.13,0.7,1.5,0.36,2.33,10.64,1.65,1.5
white tea,0.46,0.92,0.26,1.08,0.13,1.07,5.14,0.83,1.16
green tea,1.47,0.49,0.41,1.14,0.18,0.83,3.86,0.53,0.7
black tea,1.16,1.51,1.07,2.31,0.46,1.64,17.41,2.74,0.98
dark tea,0.49,1.94,1.53,2.67,0.5,0.56,27.25,4.56,0.49
oolong tea,1.67,1.39,0.77,1.44,0.18,1.79,10.75,1.94,1.56
white tea,0.51,0.91,0.24,1.04,0.22,1.16,6.63,0.86,1.51
green tea,0.94,0.49,0.39,1.23,0.35,0.85,2.58,0.66,0.81
black tea,0.81,1.6,0.57,2.5,0.44,1.29,20.29,2.77,1.0
dark tea,0.57,2.08,1.01,3.11,0.94,0.82,28.34,3.96,0.59
oolong tea,1.39,1.18,0.6,1.48,0.22,2.08,12.14,1.83,1.34
white tea,0.55,0.81,0.23,0.65,0.16,1.38,5.67,0.75,1.24
green tea,1.1,0.74,0.54,1.07,0.2,0.45,2.52,0.38,0.72
black tea,1.09,1.33,0.8,2.94,0.62,0.82,19.68,2.73,1.01
dark tea,0.85,1.78,1.02,3.08,0.46,0.79,24.32,4.49,0.41
oolong tea,1.35,0.89,0.42,1.2,0.5,1.83,11.72,1.9,1.35
white tea,0.38,0.82,0.16,0.99,0.16,1.07,6.16,0.73,1.16
green tea,1.22,0.57,0.18,0.83,0.3,1.03,3.09,0.52,0.74
black tea,1.27,1.19,0.69,2.63,0.64,1.59,19.43,2.72,0.92
dark tea,0.92,2.03,0.99,3.61,0.97,0.62,25.95,4.5,0.7
oolong tea,1.48,1.09,0.7,1.2,0.44,1.66,13.36,1.94,1.85
white tea,0.45,0.6,0.36,1.12,0.24,1.02,5.12,0.88,1.03
green tea,1.72,0.57,0.18,1.21,0.22,0.84,3.63,0.65,0.87
black tea,1.2,1.53,0.84,2.76,0.45,1.25,21.15,3.83,1.07
dark tea,0.66,2.21,0.98,3.51,0.76,0.62,25.7,2.7,0.33
oolong tea,1.46,1.16,0.5,1.11,0.32,2.1,12.52,2.0,1.83
white tea,0.44,0.66,0.23,0.6,0.19,1.34,6.36,1.1,1.1
green tea,1.64,0.53,0.55,1.15,0.3,1.11,3.81,0.58,0.89
black tea,1.13,1.34,1.23,2.57,0.57,1.35,18.48,2.87,0.89
dark tea,0.53,1.93,1.19,3.15,0.58,0.95,25.26,4.72,0.52
oolong tea,1.28,1.2,0.52,1.21,0.55,1.84,8.28,2.33,1.5
white tea,0.34,0.53,0.38,0.62,0.2,1.31,6.03,0.84,0.85
green tea,1.1,0.57,0.32,1.19,0.3,1.02,2.77,0.82,0.82
black tea,1.15,1.82,1.26,2.21,0.52,0.73,20.48,3.39,0.84
dark tea,0.67,1.49,1.22,3.8,0.75,0.81,21.08,4.23,0.5
oolong tea,1.31,1.02,0.5,1.6,0.27,1.9,11.43,1.73,1.96
white tea,0.31,0.67,0.18,1.16,0.23,0.99,6.88,0.89,1.2
green tea,1.21,0.46,0.43,1.05,0.39,0.63,5.54,0.54,0.74
black tea,1.3,1.47,1.0,1.8,0.46,0.99,16.87,3.17,0.92
dark tea,0.84,2.06,1.03,3.39,0.87,0.87,26.94,4.02,0.44
oolong tea,1.34,1.05,0.51,1.57,0.47,1.99,11.53,2.04,1.5
white tea,0.31,0.53,0.2,0.93,0.16,1.11,6.08,0.94,0.96
green tea,1.55,0.69,0.29,1.01,0.34,0.82,1.8,0.38,0.66
black tea,0.95,1.52,0.86,3.3,0.51,1.34,23.57,3.79,0.9
dark tea,0.5,2.12,1.33,3.22,1.16,0.86,26.42,4.54,0.59
oolong tea,0.9,1.06,0.7,1.3,0.38,1.74,14.62,2.42,1.42
white tea,0.41,0.66,0.3,0.94,0.24,1.21,8.8,0.67,0.85
green tea,1.2,0.35,0.25,0.97,0.18,0.68,4.52,0.49,0.67
black tea,1.31,1.45,0.8,2.89,0.31,0.73,20.87,3.43,1.21
dark tea,0.77,2.2,1.12,3.36,1.14,0.48,26.03,5.07,0.59
oolong tea,1.91,1.04,0.55,1.51,0.18,1.71,9.58,2.21,1.77
white tea,0.43,0.85,0.24,1.06,0.2,1.16,5.17,0.97,1.08
green tea,1.54,0.41,0.29,1.27,0.24,0.77,4.89,0.47,0.67
black tea,1.39,1.91,1.13,2.64,0.7,0.98,17.73,2.37,1.14
dark tea,0.64,1.97,0.99,3.51,0.78,0.59,26.1,3.28,0.45
oolong tea,0.97,0.9,0.57,1.01,0.25,2.0,10.55,2.5,1.97
white tea,0.31,0.82,0.31,0.75,0.13,1.15,5.28,0.77,1.23
green tea,1.11,0.41,0.41,1.22,0.16,1.01,2.23,0.48,0.66
black tea,1.04,1.49,1.18,2.43,0.86,1.23,20.23,3.43,1.29
dark tea,0.63,1.72,1.02,3.26,0.55,0.75,29.23,4.08,0.51
oolong tea,1.35,1.31,0.45,1.96,0.59,2.06,11.48,2.26,1.82
white tea,0.32,0.68,0.15,0.92,0.23,0.91,4.93,0.61,0.99
green tea,1.44,0.46,0.37,0.87,0.26,0.84,3.27,0.53,0.73
black tea,1.01,1.3,1.17,2.51,0.54,1.33,27.5,2.78,0.93
dark tea,0.66,1.87,1.02,2.83,0.84,0.57,27.37,4.03,0.6
oolong tea,1.38,1.09,0.59,1.21,0.36,1.79,9.94,1.47,1.87
white tea,0.33,0.9,0.33,0.62,0.15,1.6,7.69,0.84,1.2
green tea,1.14,0.6,0.33,0.79,0.15,0.85,2.87,0.54,0.54
black tea,1.01,1.77,0.89,2.75,0.66,1.23,23.62,3.08,0.77
dark tea,0.59,1.89,1.32,3.74,1.02,0.53,27.71,3.08,0.66
oolong tea,1.41,1.27,0.38,1.79,0.25,1.83,9.75,1.56,1.62
white tea,0.58,1.08,0.26,1.05,0.21,1.24,5.07,0.88,1.24
green tea,1.16,0.54,0.39,1.29,0.17,0.84,5.91,0.7,0.9
black tea,1.15,1.66,1.03,3.34,0.31,0.92,23.27,3.15,0.73
dark tea,0.59,1.86,0.9,4.03,0.85,0.74,26.47,4.48,0.67
oolong tea,1.77,1.04,0.51,1.69,0.35,2.0,12.2,2.2,1.24
white tea,0.47,0.72,0.3,0.99,0.28,1.39,7.18,1.1,1.2
green tea,1.31,0.66,0.47,1.1,0.28,0.84,3.15,0.71,0.71
black tea,1.51,1.27,0.75,2.76,0.69,1.22,20.78,2.83,0.65
dark tea,0.79,1.66,1.06,3.44,0.68,0.95,28.06,3.21,0.43
oolong tea,0.93,1.01,0.65,1.4,0.45,1.62,12.9,1.86,1.6
white tea,0.39,0.59,0.16,1.02,0.22,1.33,5.91,0.88,0.85
green tea,1.23,0.55,0.6,1.27,0.37,0.95,3.29,0.56,0.74
black tea,0.99,1.52,0.81,3.35,0.29,1.36,17.66,2.74,1.06
dark tea,0.84,2.31,1.29,4.02,0.95,0.73,25.86,4.62,0.45
oolong tea,1.34,1.1,0.29,1.53,0.21,2.01,13.01,1.88,1.94
white tea,0.25,0.9,0.3,0.55,0.33,1.14,4.4,0.6,1.11
green tea,1.27,0.56,0.37,1.26,0.22,0.51,3.85,0.27,0.75
black tea,0.98,1.63,1.08,2.39,0.68,1.07,24.38,3.11,0.7
dark tea,0.84,1.89,1.0,3.07,0.84,0.92,20.16,4.01,0.63
oolong tea,1.55,1.38,0.54,1.45,0.46,2.02,10.82,2.13,1.47
white tea,0.34,0.68,0.35,0.45,0.22,1.16,3.4,0.9,1.23
green tea,1.45,0.27,0.54,1.02,0.3,0.98,3.12,0.63,0.64
black tea,0.79,1.83,0.71,2.43,0.5,1.2,19.86,3.46,0.62
dark tea,0.66,1.97,1.48,3.21,1.04,0.75,6.4,3.88,0.53
oolong tea,1.65,1.39,0.59,1.8,0.3,1.9,10.23,2.08,1.53
white tea,0.47,0.63,0.25,0.97,0.1,1.52,5.15,0.5,1.18
green tea,1.31,0.54,0.5,1.28,0.27,0.93,3.9,0.77,0.48
black tea,1.17,1.61,0.99,5.67,0.33,1.18,20.7,3.81,0.63
dark tea,0.89,2.59,1.08,2.77,0.78,0.75,26.41,3.7,0.74
oolong tea,1.22,0.85,0.69,0.93,0.38,2.75,11.48,1.72,1.59
white tea,0.39,0.77,0.3,0.67,0.28,1.19,6.41,0.74,1.38
green tea,1.24,0.58,0.31,0.98,0.3,0.77,3.15,0.47,0.8
black tea,1.04,1.58,0.85,2.03,0.37,1.21,18.16,3.65,1.02
dark tea,0.84,2.45,1.14,3.49,0.75,1.06,29.96,4.01,0.6
oolong tea,1.84,1.12,0.47,1.72,0.41,2.05,10.04,1.57,1.65
white tea,0.49,0.72,0.36,0.73,0.15,1.14,5.4,0.98,1.01
green tea,1.64,0.8,0.4,1.37,0.17,1.04,5.05,0.66,0.7
black tea,0.72,1.47,0.74,2.38,0.57,1.08,17.94,2.85,0.72
dark tea,0.89,1.83,1.06,3.08,0.91,0.81,18.0,4.51,0.73
oolong tea,1.24,0.98,0.49,1.31,0.42,1.51,9.54,2.38,1.41
white tea,0.52,0.79,0.11,0.96,0.19,1.07,5.81,0.93,1.27
green tea,1.59,0.6,0.26,1.07,0.44,0.98,6.37,0.72,0.74
black tea,1.2,1.59,0.55,2.76,0.7,1.05,21.03,3.57,0.69
dark tea,0.69,1.75,1.01,2.77,0.69,0.93,22.71,4.06,0.49
oolong tea,1.79,1.38,0.66,1.58,0.38,1.7,14.9,1.81,1.73
white tea,0.51,0.68,0.33,0.98,0.29,1.07,3.89,0.76,1.19
green tea,1.31,0.5,0.21,1.23,0.4,0.93,4.61,0.62,0.76
black tea,1.31,1.68,0.8,2.45,0.52,1.2,19.21,3.37,0.93
dark tea,0.85,2.32,1.16,2.76,0.79,0.76,20.41,4.69,0.57
oolong tea,1.6,1.39,0.47,1.64,0.39,1.95,10.15,2.42,1.52
white tea,0.47,0.52,0.34,1.03,0.2,1.11,6.0,1.25,0.84
green tea,1.5,0.44,0.4,1.11,0.22,0.85,2.87,0.68,0.43
black tea,1.24,1.53,0.65,2.83,0.36,1.16,16.44,3.42,0.69
dark tea,0.69,2.07,1.01,3.23,0.59,0.83,29.41,5.4,0.56
oolong tea,1.7,0.84,0.74,1.69,0.35,2.31,11.05,1.89,1.7
white tea,0.29,0.88,0.17,0.67,0.15,1.28,4.73,0.61,1.04
green tea,1.29,0.4,0.28,1.52,0.19,0.79,3.63,0.5,0.79
black tea,1.32,1.54,0.63,3.23,0.54,1.45,14.39,3.32,1.19
dark tea,0.71,1.94,1.2,3.04,0.8,0.71,23.43,4.61,0.61
oolong tea,1.56,1.29,0.52,1.31,0.34,5.35,9.65,1.87,1.5
white tea,0.61,0.45,0.24,1.15,0.21,1.28,5.62,0.73,0.76
green tea,1.35,0.45,0.32,1.06,0.38,1.27,4.22,0.49,0.52
black tea,1.23,1.96,0.81,1.86,0.63,1.32,16.04,3.32,0.93
dark tea,0.74,1.8,1.33,3.1,0.59,0.49,28.15,4.31,0.56
oolong tea,1.39,1.06,0.42,1.39,0.19,1.82,10.96,2.15,1.59
white tea,0.48,0.92,0.33,0.93,0.2,0.98,6.42,1.14,1.21
green tea,1.78,0.36,0.28,1.3,0.27,1.08,3.98,0.44,0.67
black tea,0.88,1.37,1.02,3.08,0.6,0.85,19.1,2.79,1.06
dark tea,0.68,1.73,1.16,3.01,1.11,0.66,21.5,2.92,0.55
oolong tea,1.36,0.9,0.7,1.67,0.4,2.34,12.66,1.79,1.39
white tea,0.48,0.8,0.26,0.7,0.23,1.02,5.37,1.1,1.03
green tea,0.91,0.42,0.5,1.19,0.24,0.76,4.49,0.44,0.75
black tea,1.02,1.42,0.74,2.61,0.54,1.19,13.5,2.95,0.78
dark tea,0.94,1.73,1.18,3.81,0.62,0.8,22.99,3.75,0.45
oolong tea,1.32,1.63,0.66,1.78,0.45,1.6,12.19,2.27,1.43
white tea,0.5,0.84,0.39,0.78,0.15,1.09,7.29,0.53,0.79
green tea,1.32,0.49,0.4,1.32,0.21,0.52,6.04,0.43,0.54
black tea,1.34,1.52,0.84,2.93,0.69,1.09,23.8,2.45,0.98
dark tea,0.65,2.34,1.17,3.0,0.97,0.86,26.6,3.49,0.49
oolong tea,1.5,1.14,0.64,1.0,0.43,1.93,10.03,1.81,1.56
white tea,0.18,0.66,0.18,0.94,0.16,1.11,7.43,1.02,1.31
green tea,1.18,0.62,0.38,1.12,0.28,0.75,5.49,0.53,0.79
black tea,1.4,1.81,0.6,2.92,0.66,1.31,17.22,3.0,1.02
dark tea,0.65,1.93,1.43,3.23,0.72,0.64,25.83,3.33,0.52
oolong tea,1.58,1.38,0.63,1.32,0.52,1.93,9.34,1.96,1.89
white tea,0.42,0.75,0.37,0.6,0.14,0.87,5.97,0.88,1.42
green tea,1.36,0.5,0.4,1.17,0.12,1.32,4.52,0.58,0.79
black tea,1.27,1.57,0.74,2.97,0.6,1.01,23.55,3.36,0.98
dark tea,0.92,2.01,1.21,3.55,0.72,0.76,25.31,3.52,0.84
oolong tea,1.15,0.92,0.71,1.68,0.3,2.15,14.07,1.99,2.12
white tea,0.23,0.84,0.34,1.01,0.19,1.1,6.06,0.99,1.26
green tea,1.56,0.42,0.38,0.99,0.22,1.03,4.11,0.88,0.73
black tea,1.16,1.62,0.74,2.73,0.69,1.17,18.02,2.9,0.77
dark tea,0.76,2.3,0.92,3.13,0.21,0.52,22.92,3.66,0.45
oolong tea,1.55,1.12,0.48,1.61,0.57,2.41,8.14,2.14,1.56
white tea,0.42,0.7,0.26,0.88,0.17,0.99,4.94,0.89,1.25
green tea,1.51,0.49,0.43,1.32,0.34,0.84,3.78,0.57,0.53
black tea,1.12,1.75,0.96,2.65,0.58,1.01,21.76,3.22,0.8
dark tea,0.7,1.98,1.07,3.5,0.78,0.95,28.66,3.55,0.56
oolong tea,1.34,1.09,0.8,1.42,0.44,2.14,9.75,1.79,1.36
white tea,0.31,0.45,0.29,1.21,0.21,0.9,4.7,0.77,0.97
green tea,1.52,0.65,0.28,1.28,0.36,1.18,6.6,0.44,1.1
black tea,1.09,1.48,0.91,2.53,0.6,0.92,19.4,3.73,0.84
dark tea,0.77,2.12,1.35,2.63,0.95,0.72,25.42,4.53,0.4
oolong tea,1.25,0.81,0.48,1.83,0.39,1.66,10.65,1.63,1.37
white tea,0.44,0.6,0.33,0.84,0.2,1.1,6.47,0.99,1.21
green tea,1.44,0.52,0.45,1.09,0.25,0.8,3.54,0.46,0.77
black tea,1.38,1.83,0.63,3.23,0.51,1.26,17.73,3.3,0.9
dark tea,0.56,2.15,1.39,3.18,1.09,0.73,27.12,2.89,0.85
oolong tea,1.87,1.1,0.3,1.57,0.26,2.11,12.22,1.76,1.82
white tea,0.48,0.87,0.25,0.6,0.25,1.1,3.76,1.09,1.52
green tea,1.29,0.82,0.41,1.08,0.2,1.14,3.22,0.64,0.62
black tea,1.07,1.81,0.78,2.6,0.69,1.43,21.61,3.0,0.76
dark tea,0.76,2.08,0.98,3.52,0.86,0.54,22.68,3.75,0.54
oolong tea,1.97,1.19,0.44,1.56,0.36,2.08,12.52,2.3,1.6
white tea,0.56,0.86,0.2,1.24,0.22,1.0,7.57,1.21,1.14
green tea,1.17,0.53,0.47,1.37,0.29,0.87,5.5,0.51,0.85
black tea,1.1,1.69,0.83,2.73,0.5,1.39,18.17,2.97,1.22
dark tea,0.87,1.4,1.05,2.57,0.68,0.45,24.66,3.43,0.56
oolong tea,1.09,1.16,0.5,1.88,0.54,2.2,10.93,2.5,1.29
white tea,0.26,0.74,0.42,0.81,0.19,0.9,6.68,1.02,1.29
green tea,1.14,0.46,0.27,1.16,0.17,0.64,3.58,0.49,0.62
black tea,1.23,1.62,0.8,2.82,0.43,1.17,20.38,2.69,1.02
dark tea,0.64,2.02,1.35,3.6,0.86,0.7,27.37,4.34,0.47
oolong tea,1.3,0.79,0.57,1.48,0.51,2.09,13.83,1.83,1.83
white tea,0.35,0.85,0.14,0.89,0.1,1.1,6.05,0.76,0.97
green tea,1.51,0.54,0.35,1.16,0.44,1.05,5.16,0.6,0.72
black tea,0.73,1.46,0.77,2.05,0.41,0.8,19.9,3.56,1.04
dark tea,0.8,1.76,0.81,2.59,0.63,0.64,24.6,3.49,0.59
oolong tea,1.44,1.15,0.69,1.2,0.44,2.0,10.92,2.22,1.78
white tea,0.31,0.73,0.27,0.8,0.23,1.2,7.79,0.58,1.13
green tea,1.07,0.63,0.24,1.21,0.2,0.72,2.55,0.49,0.86
black tea,1.15,1.73,1.14,2.85,0.48,1.23,18.64,3.06,0.58
dark tea,0.87,1.9,1.18,2.86,0.93,0.65,24.65,4.44,0.65
oolong tea,1.49,0.84,0.88,1.94,0.47,1.81,11.3,1.86,1.85
white tea,0.43,0.65,0.21,1.05,0.28,1.42,6.45,0.81,0.72
green tea,1.37,0.55,0.41,1.16,0.15,0.95,4.63,0.64,0.84
black tea,1.26,1.52,0.84,2.78,0.56,1.32,21.61,4.03,1.24
dark tea,0.76,1.35,1.37,3.05,0.71,0.7,23.88,4.31,0.36
oolong tea,1.23,1.21,0.63,1.66,0.32,1.76,10.61,2.06,1.9
white tea,0.2,0.72,0.15,0.56,0.25,1.25,6.06,1.01,1.07
green tea,1.19,0.82,0.38,1.28,0.25,0.53,1.96,0.48,0.86
black tea,1.29,1.78,0.68,3.36,0.43,1.19,19.97,3.18,1.08
dark tea,0.66,1.66,1.15,3.1,1.32,0.83,23.98,3.47,0.31
oolong tea,1.24,1.17,0.73,1.78,0.42,1.92,11.97,1.87,1.94
white tea,0.38,0.74,0.09,0.82,0.24,0.96,4.56,0.99,0.89
green tea,1.56,0.48,0.36,0.95,0.28,1.28,4.78,0.44,0.87
black tea,1.09,1.87,0.99,1.8,0.42,1.32,20.38,2.87,0.74
dark tea,0.51,1.98,1.54,3.55,1.23,0.86,27.57,4.99,0.6
oolong tea,1.45,1.33,0.73,1.38,0.33,2.03,12.96,2.2,1.32
white tea,0.59,0.67,0.23,0.69,0.33,1.19,4.44,1.0,1.28
green tea,1.25,0.66,0.32,1.06,0.03,0.62,5.81,0.76,0.71
black tea,1.44,1.57,0.81,2.77,0.53,1.11,22.86,3.31,0.97
dark tea,0.88,2.1,0.98,2.74,0.88,0.73,25.22,3.99,0.87
oolong tea,1.17,0.8,0.59,1.41,0.43,2.15,13.75,1.62,1.49
white tea,0.44,0.85,0.41,1.02,0.2,0.99,4.79,0.75,1.26
green tea,1.36,0.38,0.36,1.3,0.28,0.95,4.38,0.75,0.74
black tea,1.08,1.42,0.89,1.83,0.53,1.11,16.59,2.9,0.99
dark tea,0.78,2.03,1.2,3.28,1.07,0.77,21.35,4.82,0.6
oolong tea,1.35,0.93,0.6,1.47,0.56,1.91,10.03,2.22,1.79
white tea,0.42,0.83,0.25,0.89,0.26,1.26,5.29,1.09,0.74
green tea,1.81,0.34,0.34,1.14,0.24,1.03,2.94,0.58,0.61
black tea,1.2,1.59,0.87,2.54,0.49,1.2,22.36,3.03,0.7
dark tea,0.83,1.99,1.3,2.91,0.54,0.68,23.08,3.96,0.47
oolong tea,1.69,1.1,0.57,1.54,0.42,1.99,12.39,1.8,1.88
white tea,0.38,0.59,0.26,0.7,0.23,1.54,4.52,0.91,0.84
green tea,1.41,1.37,0.34,0.96,0.3,1.03,4.02,0.44,0.94
black tea,1.02,1.17,0.93,2.34,0.67,1.08,21.51,3.78,0.64
dark tea,0.68,1.98,1.42,3.0,0.75,0.81,23.56,4.08,0.36
oolong tea,2.05,0.91,0.51,1.49,0.59,1.67,14.97,2.19,1.68
white tea,0.3,0.82,0.2,1.07,0.15,1.13,4.81,0.68,1.28
green tea,1.43,0.7,0.22,1.34,0.44,0.77,5.9,0.52,0.49
black tea,1.1,1.81,0.7,2.52,0.62,1.15,21.46,3.34,0.93
dark tea,0.7,2.06,0.99,3.73,0.74,0.89,24.42,4.1,0.49
oolong tea,1.25,0.84,0.42,1.42,0.42,2.25,10.72,1.78,1.31
white tea,0.45,0.92,0.34,0.97,0.23,1.45,5.92,0.96,1.09
green tea,0.96,0.46,0.4,1.16,0.39,0.86,5.18,0.5,0.65
black tea,0.92,1.45,0.94,2.75,0.67,1.18,19.12,4.06,0.83
dark tea,0.9,1.9,1.27,3.6,0.89,0.46,25.05,4.62,0.62
oolong tea,1.61,0.85,0.46,1.6,0.44,2.3,11.25,2.1,1.6
white tea,0.3,0.47,0.28,0.88,0.17,0.87,6.29,0.8,1.25
green tea,1.77,0.28,0.33,1.11,0.36,0.56,5.94,0.57,0.69
black tea,1.12,1.51,1.03,2.35,0.59,1.08,18.09,4.22,0.92
dark tea,0.83,2.28,0.9,3.91,0.45,0.65,23.85,4.29,0.58
oolong tea,1.46,1.15,0.43,1.13,0.47,2.17,14.27,1.8,1.74
white tea,0.37,0.9,0.33,0.89,0.18,1.32,6.31,0.73,0.92
green tea,1.23,0.74,0.51,0.96,0.16,1.07,2.86,0.61,0.61
black tea,1.43,1.45,1.05,2.82,0.58,0.81,14.49,3.17,0.89
dark tea,0.61,1.73,1.25,3.46,0.83,0.85,22.06,3.82,0.76
oolong tea,1.52,1.17,0.84,1.15,0.48,2.42,10.93,2.21,1.4
white tea,0.33,0.8,0.31,1.05,0.28,1.14,6.99,0.79,1.31
green tea,1.35,0.61,0.44,0.87,0.17,0.87,2.31,0.65,0.83
black tea,1.21,1.38,1.09,3.51,0.57,1.24,20.5,3.45,0.83
dark tea,0.75,2.23,1.56,2.72,0.83,0.6,28.98,3.71,0.37
oolong tea,1.66,1.46,0.63,1.55,0.44,2.35,9.97,1.97,1.51
white tea,0.28,0.71,0.33,0.95,0.23,1.18,6.15,0.71,1.1
green tea,1.35,0.58,0.43,1.13,0.22,1.32,4.91,0.6,0.67
black tea,1.07,1.57,0.9,2.04,0.35,1.04,20.52,3.16,1.11
dark tea,0.56,1.81,1.42,3.3,1.0,1.01,23.27,3.95,0.52
oolong tea,1.01,1.1,0.66,1.64,0.46,1.91,10.35,2.32,1.5
white tea,0.43,0.77,0.36,1.02,0.14,0.94,6.22,0.84,1.07
green tea,1.55,0.57,0.41,1.29,0.22,1.12,3.21,0.63,0.92
black tea,0.91,1.53,1.05,3.18,0.53,1.02,22.39,3.69,0.65
dark tea,0.6,2.06,1.26,3.14,0.97,0.66,19.71,3.79,0.56
oolong tea,1.43,0.95,0.32,1.37,0.49,2.31,13.58,1.8,1.37
white tea,0.45,0.83,0.28,0.5,0.16,1.14,6.11,0.98,1.18
green tea,1.38,0.56,0.47,1.2,0.25,0.8,4.08,0.61,0.74
black tea,1.22,1.87,0.9,2.51,0.66,0.91,17.3,3.38,0.94
dark tea,0.59,1.9,1.04,3.07,1.02,0.84,24.95,3.73,0.38
oolong tea,1.86,1.25,0.46,1.68,0.39,1.93,12.26,1.81,1.53
white tea,0.41,0.69,0.3,1.18,0.16,0.86,3.0,0.82,1.03
green tea,1.35,0.57,0.24,0.83,0.27,0.87,3.57,0.34,0.77
black tea,1.37,1.66,0.7,2.77,0.38,1.34,20.2,2.59,0.8
dark tea,0.81,1.92,1.1,2.79,0.95,0.67,19.61,3.81,0.67
oolong tea,1.4,1.45,0.6,1.58,0.39,1.98,11.04,1.92,1.71
white tea,0.31,0.62,0.17,1.21,0.23,1.2,4.18,0.96,1.13
green tea,1.35,0.43,0.42,1.08,0.19,0.98,2.46,0.62,0.8
black tea,1.0,1.44,0.81,2.86,0.53,1.23,24.41,3.06,0.55
dark tea,0.85,2.42,1.22,2.84,0.83,0.61,26.61,3.32,0.51
oolong tea,1.25,1.17,0.5,1.54,0.4,1.75,12.6,1.99,1.4
white tea,0.62,0.81,0.24,1.1,0.29,1.12,5.93,0.68,1.12
green tea,1.25,0.57,0.43,1.25,0.27,0.64,3.06,0.48,0.66
black tea,1.33,1.37,0.79,3.11,0.51,1.23,19.65,3.35,0.81
dark tea,0.83,1.61,1.09,3.36,0.94,0.94,24.02,4.74,0.47
oolong tea,1.83,1.29,0.44,1.58,0.39,2.16,11.11,1.92,1.87
white tea,0.39,0.85,0.23,1.14,0.17,1.04,7.41,0.77,1.43
green tea,1.52,0.53,0.22,1.15,0.26,1.05,5.59,0.46,0.82
