rainfall_mm,farm_size_hectares,sunlight_hours,fertilizer_kg,crop_yield
1626,636,11,1006,404
1959,73,11,112,115
1360,352,5,702,231
1794,948,7,299,537
1630,884,5,2733,554
1595,928,7,1891,556
1544,361,10,547,257
621,167,12,1911,158
966,598,11,940,360
1738,500,12,689,327
830,667,11,1253,397
1982,864,5,2190,536
587,472,10,619,267
1896,234,5,1136,211
1623,926,5,824,531
1371,322,7,2770,276
630,624,4,1087,369
1832,928,8,902,550
1269,868,9,2682,537
843,822,12,2449,486
1937,949,11,626,546
1305,475,5,1765,314
885,97,4,1238,110
1715,892,5,559,519
1455,312,10,2979,262
776,689,7,2652,422
1684,444,8,1031,312
959,691,10,2086,425
1837,144,6,424,144
521,59,5,678,61
752,441,10,2908,312
1247,349,8,2998,289
1356,356,4,1637,254
974,655,4,2649,428
1582,356,12,2100,271
1010,658,8,2481,414
1999,254,4,2431,248
1199,118,10,574,117
1475,834,12,1177,500
689,808,4,1581,471
1457,542,7,1702,359
1186,99,6,1543,135
1457,305,8,731,216
1062,121,10,802,113
1767,822,11,2556,516
1331,598,5,1081,373
1654,186,10,1427,180
1146,352,4,2058,258
520,669,10,658,382
1340,110,11,321,109
666,767,5,1656,443
1797,638,12,2305,430
887,613,4,447,356
1100,410,9,1282,279
815,37,4,988,71
513,946,6,1021,519
741,971,9,1358,542
1276,546,6,2809,384
1869,67,11,504,115
1064,507,8,1380,332
1397,306,5,776,229
1863,143,7,688,142
591,340,12,1720,225
1890,258,7,2705,256
1455,559,11,2626,391
1978,911,8,2634,572
1951,950,4,1694,582
1008,84,10,665,87
1275,663,6,2671,442
534,843,11,803,461
705,177,6,2968,174
1604,780,4,957,468
1911,512,8,1384,354
1525,894,5,684,513
1521,364,7,2833,297
1913,234,4,331,197
1065,673,12,2417,420
1629,540,9,1345,351
2000,155,11,151,150
1202,969,7,2263,571
901,250,12,637,180
1229,893,5,640,515
661,902,12,1142,509
701,353,8,914,231
1495,758,9,1515,471
769,44,6,2938,110
1315,711,7,1752,439
1794,10,9,2765,123
955,162,10,518,135
1985,438,4,2456,340
1775,954,10,963,567
1516,517,4,285,324
795,135,8,360,101
1219,500,9,1651,338
837,491,5,1396,305
1378,354,12,2307,276
1576,921,9,861,528
1291,747,10,323,432
716,230,11,1379,169
1263,924,4,279,510
687,928,11,2167,531
879,732,7,1747,442
992,34,11,731,72
1564,537,9,1636,349
1680,191,12,2205,191
514,508,7,2870,340
564,850,5,2063,498
1020,650,5,714,378
1867,51,8,661,104
1652,924,12,2521,569
1147,490,6,721,304
1995,939,11,2235,585
1586,857,7,1113,503
1662,757,9,2161,488
1092,881,9,2280,532
891,448,6,2060,293
918,411,8,1157,269
788,555,6,691,324
878,354,4,682,225
730,902,10,1713,510
1517,54,7,1201,103
540,655,10,388,362
1551,30,6,1668,113
634,643,8,1543,384
700,79,8,106,71
1279,873,5,1283,517
1429,882,5,339,495
1556,57,7,2086,118
1571,500,7,1546,335
1002,560,7,2683,380
906,296,9,1849,219
1304,19,5,2217,95
598,551,9,2003,352
1183,765,10,2363,474
1225,283,6,1177,206
1460,965,11,2953,602
1112,609,5,2477,394
1985,765,11,947,472
1142,390,8,1411,260
1528,338,5,2192,269
1741,488,10,2976,361
1002,24,5,2345,105
1266,525,9,1339,330
897,200,6,1604,176
1370,177,12,1432,167
1294,530,6,2479,368
892,630,6,795,360
706,146,8,126,108
1538,163,10,2465,182
1391,397,11,2512,310
1984,218,10,1059,199
1363,281,12,1626,229
1242,152,8,1968,171
1764,620,6,472,373
1063,898,9,2049,531
1520,829,8,344,472
595,78,7,1940,102
984,256,5,1776,196
1930,270,10,2625,262
730,797,8,224,430
1248,88,7,636,97
1694,667,11,2853,460
1040,632,12,2019,405
1559,779,12,1735,484
1024,614,6,1525,379
1683,534,6,1640,351
1766,781,8,630,465
1609,947,8,2933,585
1077,630,5,353,355
1181,339,4,2268,257
1056,198,11,760,149
1512,104,6,1901,138
1145,626,4,1160,375
1295,17,4,1465,91
1551,76,5,1136,122
1863,505,9,1306,347
1854,200,9,2235,211
1871,375,6,2193,304
1996,777,7,1242,480
1754,530,5,1654,351
689,999,5,1855,572
1748,126,10,2065,170
1908,276,4,844,225
1900,620,10,1729,407
1806,494,4,1066,329
1132,518,9,862,329
1127,307,6,2909,262
1472,918,11,893,532
1782,173,9,843,166
1882,385,5,1169,277
1209,662,11,1631,417
1979,277,8,657,220
1934,558,11,2094,388
1148,83,11,625,96
817,517,9,2744,345
1748,82,5,939,113
1757,317,11,102,226
1183,208,9,1151,179
1163,139,9,1504,139
1897,767,11,256,449
1995,833,4,2037,521
1756,581,5,2054,385
1636,800,12,610,472
941,624,11,786,369
1063,817,10,1237,468
1791,841,10,1512,519
1909,496,8,1610,348
1910,862,5,670,508
1636,160,9,814,154
1451,678,6,1438,426
1604,215,7,2386,208
1198,995,5,2450,587
612,188,5,2754,174
501,206,11,1090,141
1141,744,11,433,432
719,98,9,2260,131
1354,808,8,1744,494
1748,443,11,461,302
884,797,7,1980,475
1926,757,7,2948,508
1653,192,8,2244,201
1576,218,4,2081,214
1229,502,4,2163,336
1939,139,5,2703,186
746,674,11,2077,406
1335,22,10,475,80
1962,643,12,841,402
702,880,8,489,488
1707,741,5,2767,484
622,115,10,1340,116
900,384,11,923,255
1266,591,10,2467,396
793,716,10,2343,446
779,707,8,517,392
1383,108,5,706,116
697,603,9,667,351
1481,596,7,643,366
1251,895,5,2378,541
643,861,12,983,477
1108,201,10,2668,202
1724,334,9,802,236
1647,988,8,1323,587
686,735,6,2993,449
1849,836,7,2820,545
963,965,6,1722,552
1872,476,11,2168,355
1159,903,6,2735,550
1263,376,10,1886,269
1454,327,10,1719,258
902,153,10,1557,152
1869,393,10,2518,310
646,225,5,1683,172
1671,370,6,2014,290
1363,333,12,177,214
988,24,6,1408,86
1428,226,5,747,181
1050,501,12,2287,345
837,960,12,652,533
1371,556,7,1097,354
1140,192,12,381,139
972,279,6,1381,201
650,954,10,1946,538
1938,476,10,1483,335
1821,879,11,2587,555
762,621,7,2417,390
643,528,6,1257,315
845,551,6,2893,367
1123,476,8,203,281
1516,314,4,865,220
1380,994,6,2242,592
501,153,9,2876,166
1396,120,6,1696,152
1827,241,8,579,194
753,700,12,2927,436
952,593,5,2160,369
1560,731,5,2063,456
1683,741,9,2748,491
1514,601,9,2242,392
508,509,11,2440,334
1756,604,5,2172,411
1622,563,12,1395,373
1315,282,5,1628,224
707,712,4,1289,419
1654,182,5,1038,166
903,982,10,861,554
651,16,11,753,50
553,164,8,1769,145
1643,531,9,2785,385
1127,555,4,2638,372
1086,557,9,2031,357
1943,930,11,1226,559
1945,527,6,2025,369
603,929,4,674,512
753,923,7,2441,538
1750,224,4,1429,199
1635,143,11,1377,161
1009,294,8,1303,216
1996,135,4,139,137
598,930,11,2923,552
652,448,12,619,261
1413,858,5,1739,517
1377,695,12,2693,446
837,161,11,2383,168
1321,340,10,562,224
1686,547,6,1351,364
1456,392,5,1948,295
660,124,10,582,94
1300,903,8,2577,557
897,491,9,442,294
1800,293,7,1296,237
1315,908,5,1562,535
1915,84,12,1302,137
1658,175,6,1721,188
1718,198,10,2280,199
900,87,11,2498,122
1139,956,5,2653,576
1556,611,9,2231,416
1187,697,11,1092,421
959,30,10,2977,108
1454,575,6,2490,400
969,193,4,1289,152
1898,880,9,2440,563
1545,231,11,1703,197
1249,836,9,1293,486
537,337,8,697,213
729,188,11,744,136
1888,797,5,547,473
1062,121,4,2837,164
937,745,4,2649,454
1806,735,7,863,450
526,68,9,834,67
725,336,12,1742,226
1800,914,4,2397,573
1297,630,4,700,374
783,906,8,2272,523
1378,678,8,2260,444
1459,200,8,1080,178
952,209,9,1882,180
1519,321,11,2297,261
1315,717,6,2490,448
1158,44,12,679,90
1046,388,4,882,253
1715,396,7,2468,316
1572,767,12,2969,507
516,246,11,631,166
1695,625,12,1612,405
1743,528,4,2639,369
657,292,12,711,197
976,10,6,2399,83
1569,740,12,2105,474
1896,473,4,1200,326
1017,239,4,1770,190
598,976,12,1515,549
1560,181,9,1535,181
779,96,7,2320,134
1872,562,10,974,370
996,132,8,2348,148
801,852,10,316,457
680,307,11,475,198
1106,894,11,1709,519
1622,938,4,110,534
1199,699,11,1713,435
1492,584,9,2582,397
1639,493,7,917,315
690,174,11,1396,155
752,708,6,790,405
1480,392,7,1699,293
1427,218,9,1632,193
1684,748,10,1255,465
1779,441,7,2047,332
1846,398,7,883,285
627,569,10,2466,366
517,233,9,2991,193
1065,12,11,2072,86
1069,381,4,1976,264
1846,696,10,2768,462
1185,455,10,884,284
1125,620,10,496,361
1811,125,10,1181,141
1353,279,11,1603,219
1461,456,12,2133,318
654,377,12,1714,252
989,262,5,559,176
1909,326,10,2208,279
1284,424,10,2516,308
1627,104,7,2866,159
1916,794,12,645,469
745,901,11,2643,545
1699,33,4,596,84
1562,637,5,604,394
2000,672,5,1192,432
1258,859,11,2308,516
1037,59,4,1737,112
1420,511,7,817,333
907,727,8,1692,427
1024,507,12,1508,320
1327,344,10,368,238
1402,88,11,2046,130
535,591,12,1577,348
1184,36,10,2846,121
519,280,8,1641,205
820,571,8,964,346
1011,813,9,2497,500
899,256,8,209,164
1153,785,12,2554,485
1471,600,6,749,370
970,396,6,2198,280
1666,711,10,1599,440
1615,568,10,1210,368
1877,982,9,695,566
1333,370,6,1078,261
1226,875,10,830,494
1353,993,8,156,541
550,497,10,2885,340
1074,361,5,2343,264
1713,710,9,1883,445
1648,937,11,1801,567
649,265,4,1386,198
813,231,7,211,153
1069,893,4,2912,545
1865,762,4,810,454
804,790,11,1301,462
1181,10,10,1047,74
1337,555,4,125,335
1577,455,5,2557,342
1502,88,7,857,117
943,245,4,2678,213
1112,343,6,1900,253
1492,898,11,1655,530
763,358,11,2896,267
1576,107,11,1941,145
1503,91,9,2393,151
504,511,9,1204,312
1626,976,8,761,561
1719,486,12,1008,326
1273,936,7,2543,576
1376,713,10,621,413
1491,774,4,1956,475
1383,930,12,1859,549
1873,559,10,2411,401
546,23,12,889,59
1366,401,10,1397,284
1322,356,5,1829,273
1435,319,9,271,225
1155,395,7,364,250
768,218,6,2086,180
869,366,5,1149,233
1135,983,9,1592,572
1629,610,11,1985,407
1156,577,9,575,338
619,103,12,2503,135
1330,102,8,1149,123
1581,349,5,133,237
1869,606,11,2411,414
1240,454,12,1261,299
1997,766,7,915,476
616,31,9,853,52
1290,300,11,665,203
1650,494,12,561,315
1916,793,8,1754,494
1512,315,9,2802,278
1581,643,7,180,375
1133,137,8,2904,165
1012,634,10,2037,389
1301,948,12,969,534
1619,282,9,1530,231
1641,857,9,1169,510
1059,451,11,698,286
987,512,7,1734,323
1760,139,6,906,147
1396,141,10,2034,168
1795,606,8,1176,391
1712,944,5,803,540
1203,491,5,2623,341
1970,871,9,2739,550
1080,399,11,2163,278
1289,602,4,586,360
1360,994,9,805,569
746,334,5,1625,236
1599,78,5,1264,117
653,669,10,719,375
1958,457,4,876,323
1496,537,9,546,335
1609,828,10,2437,530
1196,626,11,308,360
1808,174,10,1598,176
1743,497,9,2560,363
1592,722,12,2824,474
1570,718,6,1550,456
1508,435,9,1977,311
593,706,7,2811,446
1457,843,5,2437,522
1511,274,4,1391,229
952,884,4,2298,525
1727,621,6,1842,404
1411,351,7,1378,258
717,841,5,1500,483
973,735,4,1776,439
931,287,7,954,193
840,683,10,1481,413
1050,448,9,2755,312
1812,166,9,2517,195
1777,431,12,804,286
856,260,5,925,185
522,887,7,1104,488
1021,618,8,476,358
1623,539,4,1072,348
1301,336,11,217,228
1703,970,11,543,548
1746,904,9,854,524
1261,106,8,739,116
941,522,11,2271,344
1268,225,6,2805,219
1515,141,6,1400,149
1848,269,5,2969,254
1015,134,8,2811,172
1539,91,6,2507,144
1291,292,6,722,204
835,692,9,1592,422
757,68,11,2108,100
996,553,5,1751,350
1395,170,7,1823,172
659,293,10,2019,220
1998,115,4,1018,144
1351,114,4,1273,127
1189,448,10,2599,313
879,237,10,1285,186
1456,709,4,219,407
1190,591,4,681,347
1950,327,7,2047,270
1791,473,8,2246,340
1940,811,8,1290,490
1691,608,7,1786,395
1566,891,11,2099,538
784,883,10,2661,533
896,481,12,2811,335
511,65,10,500,75
1825,634,4,2512,436
1776,22,10,1449,112
998,449,4,2728,313
1253,27,10,1756,95
534,703,11,720,395
1226,982,12,2975,596
1348,122,6,346,123
589,238,7,2581,197
1275,180,7,1216,153
1104,304,12,2762,250
1469,198,10,723,165
1521,435,6,2468,323
917,986,8,1939,564
614,88,10,2209,116
1116,667,11,399,378
1719,928,4,502,536
1325,191,5,1771,181
1598,508,10,352,318
912,807,5,1857,478
1899,771,10,2625,508
1943,875,12,1492,535
1228,835,5,2064,496
1800,717,10,259,433
1520,844,7,304,480
1260,80,5,1261,120
1175,257,10,1491,213
1917,155,8,957,165
956,627,4,859,360
1419,784,8,1690,473
691,305,6,2868,235
1238,591,10,2215,396
1622,479,9,232,300
1477,515,11,1823,349
1508,202,8,529,170
595,77,5,2455,124
1162,503,12,2797,350
1713,826,11,1297,501
536,61,9,2559,99
1892,891,10,196,521
778,372,12,1806,259
716,806,10,1277,467
1366,926,6,1818,545
1372,483,9,1365,313
1796,855,10,1427,511
561,530,5,1408,314
1095,772,6,1150,450
1228,440,7,1483,289
1865,853,9,2349,534
896,307,4,2909,245
1198,444,12,680,285
1542,705,8,2517,454
676,700,10,632,400
895,207,12,1275,171
944,137,12,1225,129
1756,541,4,998,344
575,993,4,2754,569
764,420,6,1569,265
954,943,9,1352,528
1217,849,5,869,493
1234,74,4,933,97
1907,703,4,2004,459
1350,250,8,2383,218
1890,378,7,2309,301
643,545,4,653,317
1384,393,7,2935,299
1592,440,6,1191,302
1622,976,5,1296,573
895,92,12,1760,113
1548,991,4,658,566
1447,840,10,360,490
1390,706,7,2364,461
1992,960,8,1940,587
1674,837,8,1247,496
1667,620,4,904,394
1068,583,9,1285,364
1562,295,12,2348,247
608,998,5,2549,583
1565,543,10,374,343
1709,468,9,305,296
1434,221,8,1823,195
897,135,7,966,116
1746,422,7,192,282
1133,508,9,1165,330
1656,434,7,2526,318
1686,563,8,1451,376
1738,619,9,2212,419
1232,970,8,464,544
734,552,10,920,321
1157,167,12,1607,152
1250,121,10,2129,148
1087,411,10,2024,296
1532,768,7,2687,492
1597,131,4,1185,138
1453,282,11,2638,246
991,303,7,1396,224
1412,407,4,2376,308
1776,480,8,1143,325
1753,994,11,102,569
1697,216,7,1853,197
1691,119,11,1010,138
669,449,11,406,258
1916,287,6,2579,255
1445,972,12,235,549
1294,577,6,2032,381
1133,896,4,2662,552
1717,924,5,2340,563
528,578,9,1708,346
1688,949,5,1538,566
1945,491,9,972,328
838,812,4,1241,470
1888,123,4,765,138
1865,902,8,308,516
999,906,12,1051,509
1010,829,11,1157,479
1850,862,6,748,504
716,486,6,1441,308
1824,719,4,2267,460
1655,942,6,726,548
1593,330,4,624,228
1775,188,11,1704,200
1938,906,4,1968,561
944,228,8,868,162
1375,798,12,2659,497
1705,958,10,2194,593
666,537,7,871,321
590,501,12,839,288
1213,900,12,621,512
538,70,5,1500,86
1649,63,9,2281,141
1974,689,7,347,423
672,547,11,1441,338
1152,857,10,2583,528
1253,997,10,1958,586
1743,74,12,785,118
1581,621,8,685,380
975,595,9,2498,390
955,713,4,242,390
1328,180,9,1066,152
1394,282,5,2951,258
1884,898,9,817,531
1524,708,12,742,424
886,544,11,2648,357
847,400,12,469,244
689,949,11,1209,524
1004,702,6,886,415
1714,336,11,2886,294
1892,117,9,1583,158
1932,856,9,1049,508
1323,171,9,1448,167
1428,823,6,621,479
1433,461,4,2636,345
1640,215,7,2052,216
633,599,9,2544,376
557,25,5,454,53
1184,336,10,1046,235
1171,617,10,2435,399
672,668,7,1582,392
1314,11,7,1747,83
1672,19,4,635,75
579,443,5,1414,274
1385,134,12,2998,178
1736,90,11,2985,172
702,494,11,2315,325
1263,661,12,1049,397
1752,847,10,720,503
1750,159,12,527,158
1964,809,5,1825,502
1925,882,9,2637,564
546,349,6,2502,244
1756,138,9,2343,171
1828,447,6,644,306
1666,760,11,2864,490
1938,510,7,923,348
1896,67,9,1102,113
1782,207,12,758,189
1155,220,5,2927,204
970,923,5,2158,552
1470,911,10,2543,569
1535,54,5,830,92
1853,106,5,1932,158
1235,288,7,508,202
1283,544,12,2509,362
1467,419,11,183,270
857,470,5,2303,321
1471,400,11,806,263
1931,856,7,2061,542
1167,53,5,2619,130
872,36,10,2766,110
1531,803,9,1547,487
1645,106,8,233,124
1871,984,4,887,582
1175,557,5,963,334
589,630,11,766,353
1197,576,4,376,348
1839,713,6,1875,452
1701,228,5,981,191
1039,194,8,2160,178
1231,78,7,2489,128
1368,838,10,2182,509
540,139,8,2706,145
1239,576,11,1337,353
1001,899,7,2552,541
1458,618,9,2805,424
1668,857,7,258,488
1724,608,5,1233,389
1428,815,4,2696,505
960,640,4,1951,406
1231,729,11,378,422
1251,343,7,2626,280
1424,934,8,210,515
1408,163,11,2578,192
1776,556,10,641,359
889,88,11,1238,109
1382,588,11,459,364
755,864,9,2519,518
1208,422,5,1338,282
949,555,9,1856,352
509,618,4,1054,354
1323,178,4,2406,177
1297,690,6,2925,457
1765,672,6,2267,435
1774,592,8,1075,378
1376,524,4,1012,340
1528,323,9,1251,249
1642,41,10,822,95
1515,296,6,2670,253
873,603,7,1811,369
1588,52,6,424,87
645,912,4,1629,516
723,626,11,1649,387
1762,10,5,1173,82
676,582,4,2045,361
1352,279,11,1707,225
1805,189,10,2216,206
562,745,10,490,416
1740,527,7,2530,371
1326,112,12,115,101
1294,19,9,945,72
1188,592,5,968,368
1984,99,4,667,135
604,235,4,2279,198
1622,679,12,2119,434
1010,749,7,2420,462
884,926,8,1746,531
904,135,6,2631,150
1322,965,7,2697,593
1017,218,11,456,166
975,106,7,1756,128
1208,83,12,2380,137
1270,636,12,135,374
1960,200,9,2560,221
1546,691,5,1127,415
1496,828,10,2191,510
1176,969,12,2715,587
1213,725,9,2887,460
1981,65,6,213,113
582,729,10,1872,434
1668,562,8,2544,397
1608,41,4,1297,107
1601,536,6,1378,350
956,583,8,565,334
500,676,10,1587,390
550,293,6,946,193
1184,730,9,601,421
1216,841,8,540,483
1969,503,4,2216,365
948,196,9,425,146
1380,507,11,1865,333
987,451,4,166,265
533,139,5,403,102
1871,648,7,1071,406
594,301,5,583,196
1595,123,12,1028,131
653,208,11,1540,165
749,22,11,248,50
1173,280,7,2731,249
937,610,8,2395,390
617,224,7,1224,164
1270,453,12,2849,341
1829,799,5,195,467
767,521,11,381,302
1577,456,5,2469,339
735,995,4,628,535
888,724,6,2410,447
1489,83,12,1742,122
1262,546,6,679,331
900,110,12,1763,136
1123,185,10,2441,180
1266,436,4,1731,307
1826,126,8,2542,173
1418,175,12,2660,194
1730,50,6,909,96
1752,438,12,792,299
1352,353,8,334,231
1077,433,12,1051,285
574,375,9,1954,261
934,129,12,1460,129
602,618,10,1131,369
1945,666,10,1566,442
1263,737,11,2064,459
1237,238,10,638,170
1305,834,12,919,482
1829,139,12,1781,173
597,361,9,371,207
1297,898,10,1128,525
1858,327,5,2022,278
1358,993,12,1342,575
934,658,4,1241,390
946,845,4,692,483
1831,346,6,1705,279
748,282,9,214,171
665,126,8,2410,140
1483,827,5,1777,504
1858,377,12,1545,288
1519,103,7,306,112
1041,177,7,2450,185
1258,963,8,211,524
1629,724,11,1540,455
580,350,7,1982,251
632,670,8,284,372
1296,923,7,1864,544
1399,704,9,1000,431
637,934,6,320,501
683,161,11,1567,139
1924,595,9,1193,392
1853,886,8,2769,561
1284,922,5,2574,556
1483,283,10,2791,259
568,563,5,2715,367
1045,505,4,2112,326
552,733,10,2590,448
1973,110,8,700,145
704,566,4,1260,344
625,91,7,603,91
542,538,7,2278,342
610,82,10,317,73
1260,23,12,2835,121
1706,442,5,2318,323
1347,166,4,1598,172
594,744,5,711,407
1897,141,10,1252,155
1399,347,9,156,231
859,413,7,1304,277
1399,385,4,345,248
780,897,4,243,495
1718,568,8,467,360
1718,116,4,1582,158
1166,629,10,2365,410
592,274,4,715,177
1171,214,4,1981,196
560,88,5,1688,101
1133,164,6,2589,170
1574,792,4,2988,513
1926,997,12,798,589
1528,256,11,975,194
1989,540,8,1785,384
1103,867,5,2923,538
1181,957,8,2909,591
1033,547,9,1044,342
1928,738,4,1022,466
1337,163,7,1846,175
1144,163,12,124,137
732,695,5,2953,433
1023,101,8,1787,126
845,442,4,1659,294
1569,347,7,2911,293
1045,489,7,1183,306
1601,702,9,533,411
1596,140,12,1189,143
1293,459,6,2712,329
748,819,12,2051,484
546,796,9,2253,474
1644,282,10,195,205
713,938,5,267,512
738,597,9,2189,381
1579,186,9,2002,183
849,705,5,2251,441
606,840,5,1968,478
1330,652,5,2667,422
547,884,4,2098,509
836,58,8,2429,109
1549,576,11,1233,366
1303,675,5,2110,435
1780,364,8,848,267
507,721,11,1991,427
1124,317,8,930,212
1776,877,5,148,497
1218,894,6,214,498
802,639,9,1278,372
1138,784,8,1772,480
555,55,7,2650,106
1225,311,7,170,204
1025,877,8,1459,509
973,921,5,166,504
527,417,12,1616,268
577,198,5,1773,154
1739,831,5,1877,524
1909,839,12,1066,503
864,138,6,2328,152
1165,570,10,1889,373
1025,546,7,712,319
1198,275,9,1986,214
1835,127,7,1722,156
1382,473,10,796,305
1530,153,4,2750,194
1526,451,6,2395,326
1418,209,6,1337,178
1249,166,4,2506,185
862,496,9,348,300
1797,869,12,737,520
1305,143,11,1049,141
1238,921,10,2004,555
1538,157,11,1211,152
1715,345,9,2810,285
984,80,12,275,88
527,242,6,822,166
1213,343,12,2573,271
1562,820,7,870,485
1796,675,10,2047,435
1754,99,12,802,137
585,343,5,2228,244
1997,208,5,1026,191
625,170,12,237,114
1311,547,6,2617,368
1036,130,12,2497,147
644,310,8,1249,208
1735,733,9,2040,462
524,584,5,1991,350
1917,972,11,1978,596
566,445,12,1353,282
732,77,5,1583,111
608,774,9,1468,450
1669,931,9,409,531
610,468,11,1143,276
727,523,8,1770,332
610,407,12,1664,256
1993,629,4,1683,414
533,295,12,1600,211
1122,570,10,2416,370
1892,149,7,869,159
1247,739,6,115,420
1094,565,9,705,346
924,938,4,1481,535
1112,790,6,912,465
1191,599,5,2090,384
1805,737,12,2629,484
1843,903,6,994,545
1966,619,5,1667,410
814,757,7,2416,466
1376,291,5,513,216
1900,670,4,124,409
1812,933,9,2104,566
1960,825,11,415,493
1161,945,5,670,535
776,587,12,824,344
1123,755,6,1949,459
1015,466,11,1399,309
1873,96,11,2053,150
1342,88,6,488,113
1969,214,6,2869,230
849,800,9,543,453
1322,346,4,2844,280
1660,263,7,1070,217
1258,313,4,2868,264
1398,389,6,2515,289
742,139,12,2064,138
1042,605,8,2489,384
1563,285,8,1928,245
728,708,7,403,397
1047,567,6,863,333
1419,908,8,2073,543
1746,192,7,915,173
505,277,11,2259,206
1845,817,7,977,492
967,331,11,802,216
574,521,9,2993,342
503,621,8,1043,347
1145,87,7,2426,139
617,793,7,2529,484
1380,348,7,2160,259
1003,683,12,402,383
1446,565,7,1679,366
1073,518,12,259,304
1964,247,9,2301,237
693,143,10,2901,153
1346,982,6,2328,585
1214,201,11,1303,164
1915,365,6,2524,293
1549,287,4,2923,249
1958,27,8,1291,117
672,533,5,1273,331
1823,189,9,2163,199
825,132,12,1214,122
1933,255,4,1243,223
1641,743,7,2079,481
1335,382,4,352,254
1223,60,4,1532,114
724,80,11,2178,114
1031,489,5,830,311
612,569,4,2436,352
639,28,11,597,46
1058,783,7,1528,464
500,93,6,647,77
589,164,7,1060,136
1153,574,8,231,343
819,628,4,1447,374
638,366,4,957,230
1344,825,6,1255,493
758,656,9,2132,398
1401,452,4,620,289
1189,78,5,129,82
509,532,10,2774,356
760,152,4,2151,146
671,201,10,608,138
1397,396,7,1360,280
512,387,9,1658,255
1691,590,11,115,361
820,544,12,1096,338
1842,702,9,1707,455
828,302,12,1939,224
1284,18,7,2116,99
1276,280,9,1353,212
1410,396,11,1843,290
1942,102,12,2410,177
1618,975,6,1188,566
817,538,5,2412,344
735,163,9,1461,140
833,414,7,477,256
875,849,4,1298,493
1982,158,11,575,155
1660,898,12,1389,540
1087,276,12,428,196
1012,431,5,1939,291
1819,849,12,1286,524
1843,627,10,537,385
1417,481,8,1490,322
1872,902,10,1873,546
1372,556,12,1322,351
1752,640,11,1623,420
769,535,9,2163,349
1297,512,7,1944,340
1814,23,4,1419,97
1224,787,9,967,464
1688,661,6,2658,449
504,815,9,1911,480
1350,373,9,1083,256
1902,128,7,1362,153
577,247,5,2728,198
1933,555,12,1424,381
1073,178,5,2153,165
631,531,6,1118,319
1100,643,4,1889,401
1565,922,10,906,541
588,666,4,1993,397
901,972,12,1509,556
795,967,4,2766,571
1818,744,8,1418,464
1115,892,10,1241,521
1299,778,6,504,455
921,789,12,1886,477
1546,880,11,693,511
1074,525,6,2713,360
642,947,8,2899,560
1492,406,10,111,267
1164,875,7,2312,537
644,115,8,1417,120
1748,94,6,1642,145
1506,223,12,2225,214
1002,130,12,713,121
1320,141,10,2086,161
603,859,5,968,473
1562,206,10,911,173
697,28,10,1922,78
1078,651,8,866,386
890,21,12,181,48
1702,90,6,1844,144
1053,339,7,2356,253
1971,875,4,621,515
1538,783,9,1427,483
1812,401,7,1093,285
977,646,4,2612,417
1754,316,5,1625,262
1422,276,6,1569,215
919,456,12,2775,320
656,450,11,1613,294
1049,904,10,880,506
1964,661,7,1551,437
1620,850,4,658,497
1520,11,11,2238,103
1496,529,7,2137,365
1934,771,6,1853,495
1450,660,12,959,404
788,645,7,1712,389
1777,318,7,655,236
695,749,12,255,410
1097,531,5,2149,356
1016,478,8,1480,300
1364,221,7,924,183
1641,121,12,1692,163
1305,17,8,2949,125
1682,813,12,1181,484
1314,486,12,1303,326
727,883,5,592,476
715,469,12,768,291
1447,262,6,174,188
514,535,7,470,309
1680,761,4,686,445
1784,447,4,428,292
1680,763,4,689,452
546,990,12,1890,566
823,863,11,876,483
1343,670,8,2122,427
629,245,8,2451,201
1934,315,12,678,230
594,487,6,320,268
1126,688,6,1287,420
1254,29,10,1603,89
1815,225,12,2522,225
1293,864,9,1807,508
1806,144,5,1845,180
568,914,4,287,494
510,138,5,1314,113
1777,419,4,1209,301
1371,431,12,2621,322
1049,303,11,943,213
1657,255,10,630,191
1211,710,6,1170,427
522,565,11,1062,338
1314,95,5,2622,152
845,565,5,1269,350
801,851,6,1505,480
862,384,10,616,233
895,455,4,1988,311
717,387,11,2573,284
640,399,10,1591,262
1457,666,7,1217,412
1733,60,8,232,93
1484,251,4,413,185
1492,303,7,690,219
1327,929,4,1643,542
1182,572,4,2306,368
1983,275,4,2808,254
1503,129,10,1985,162
855,721,10,1726,422
1507,926,7,847,526
1847,257,5,1597,220
1656,79,6,900,126
1387,862,11,2557,531
626,66,11,1597,91
1629,391,9,1479,277
1508,48,12,779,86
1103,993,12,2261,580
1901,810,7,996,489
1513,452,4,1646,309
550,27,4,1893,82
1552,961,8,2212,590
1985,741,5,783,446
1819,834,9,1395,502
1820,765,10,1785,486
1278,361,4,1485,255
1930,981,9,2293,609
1313,825,11,1042,478
1928,307,8,1409,250
1869,292,10,1133,242
919,595,9,2886,384
1705,119,7,2333,158
1482,189,10,1720,188
1324,947,12,2982,578
1524,553,10,908,349
1066,755,8,270,416
870,803,10,2360,484
1435,34,6,1653,104
1160,852,5,1695,509
1954,800,8,1723,498
1468,747,7,126,425
1832,66,8,1113,129
1660,189,11,1191,185
701,241,7,2937,207
1959,903,12,507,528
812,352,10,1232,238
616,486,10,173,268
1436,808,11,2725,517
1074,585,9,779,351
743,464,11,1491,289
1036,241,6,2933,227
574,298,4,948,194
885,222,9,969,172
1733,267,4,336,205
974,539,12,2874,371
917,696,5,2525,439
846,938,5,2808,555
1139,238,10,2977,216
1438,235,5,1005,193
1454,605,11,2523,402
1375,812,9,718,467
1262,444,10,2800,319
1702,891,10,1132,526
1705,767,9,2343,496
1163,411,12,2954,301
524,631,12,1413,361
1703,775,10,946,467
1209,97,12,2965,153
1684,593,6,2023,388
676,902,6,2711,536
784,551,4,733,314
562,693,8,2826,429
1502,318,7,1117,243
1161,915,5,107,503
1165,352,12,1492,252
655,445,6,1168,280
1992,186,11,2491,204
1572,148,9,1880,162
1466,203,8,2943,221
1348,195,4,1742,177
1607,227,7,1316,199
1884,173,6,948,171
1188,170,4,1480,153
647,952,8,161,511
841,534,9,1185,323
975,817,5,2569,490
1586,610,6,1917,398
1883,845,9,732,505
1060,51,7,891,88
826,924,12,2698,554
1664,219,8,1400,200
1489,750,7,2753,479
714,871,5,1554,498
934,284,9,1238,210
1451,963,5,1811,568
1222,288,10,624,208
1841,260,6,2120,230
531,319,12,998,215
1169,729,8,2310,463
784,842,11,886,479
1828,149,9,1460,173
928,801,11,2526,498
2000,555,6,272,362
785,830,6,1099,461
1667,913,8,1910,548
1947,539,6,163,342
1542,66,11,1445,127
517,121,11,1074,107
1268,14,5,165,65
1089,419,7,1966,290
1894,423,4,1722,305
1698,191,7,557,176
1509,22,7,1702,97
693,348,12,2600,264
1001,806,6,2057,475
1487,268,5,1840,216
1636,99,12,1549,143
613,625,12,2059,377
1745,900,4,2325,567
1446,707,9,2054,441
1330,259,11,379,194
1787,264,6,2491,240
1424,597,12,1140,367
554,907,5,2443,533
1299,980,9,2349,595
1277,117,4,1061,128
1981,677,10,2831,466
661,603,6,2042,381
1903,598,10,1317,395
586,494,7,474,287
554,991,12,2011,564
1999,981,8,134,560
1701,267,6,1492,231
1914,648,11,2176,436
1872,912,9,874,537
1531,291,5,320,202
1332,995,6,2200,588
812,97,11,2938,137
1258,213,10,2223,192
942,25,9,593,62
827,160,4,1811,143
1577,945,12,2264,576
1260,263,6,379,181
1762,197,8,845,179
1752,338,10,2911,299
1078,553,10,2442,375
1574,792,6,1574,475
1506,406,7,1957,298
1787,526,10,1641,366
1941,468,11,1196,323
595,339,5,2989,250
1611,829,12,1159,493
1601,854,10,2022,516
1811,178,11,2105,191
1643,702,9,596,431
1313,375,9,2353,291
990,187,12,2573,194
951,664,7,143,372
664,371,8,1951,255
681,769,12,2752,465
968,648,4,553,372
1409,784,7,694,463
1234,49,10,1456,102
1322,933,12,606,525
1443,425,9,893,277
506,364,11,120,217
829,264,12,1499,188
1274,152,7,2767,170
650,761,4,2561,458
1608,749,11,1194,460
646,862,5,1527,481
1904,719,4,1685,467
1414,586,10,1914,381
1808,909,12,1520,544
1199,20,12,436,56
581,629,6,1767,386
1013,35,9,1009,75
1314,966,10,375,547
1208,430,12,991,290
1245,672,5,112,386
1522,230,11,1126,194
1909,862,10,1073,511
1206,505,7,274,313
970,246,5,1508,185
1642,246,11,1725,218
895,228,8,2043,185
760,496,9,2388,323
1304,945,10,646,532
1433,470,4,2161,330
1779,672,11,1318,433
1404,644,7,1520,401
1749,153,12,1554,177
1576,999,4,2872,623
1439,198,5,1533,177
1353,264,9,102,190
1887,77,4,2838,152
1803,625,7,1942,422
1092,345,11,846,239
1213,680,8,2916,454
1681,830,12,971,488
1131,883,9,594,494
558,418,4,2564,291
627,309,9,1514,216
1235,917,9,727,511
1220,611,9,1175,374
1638,366,11,241,250
1732,265,9,1587,223
1025,362,8,145,215
1020,741,5,2991,477
1051,530,7,2157,348
736,533,8,763,307
1804,846,7,672,505
1882,959,5,2129,581
1724,765,10,1653,472
1801,703,5,1721,458
1758,293,4,2796,256
993,321,8,1012,213
503,108,4,739,96
1165,206,4,2763,212
941,491,4,2845,333
528,887,9,1008,490
1632,235,12,2325,218
1109,854,4,968,486
1304,624,8,1129,388
574,627,12,952,355
1337,374,12,406,254
1669,377,4,2695,303
627,579,11,2474,359
541,599,4,1916,366
1879,84,11,494,123
540,51,4,2447,105
1433,431,8,848,280
533,845,11,2432,506
1540,190,9,429,151
1676,554,12,2197,388
1497,80,4,2131,138
1901,577,12,872,380
1087,114,4,1745,137
841,209,6,1832,167
526,110,4,477,81
1810,777,6,1887,491
1145,316,5,1723,235
1230,595,5,1099,373
667,692,12,1948,408
1109,386,11,1661,275
767,664,4,873,381
1320,687,7,1183,409
954,408,4,1903,289
1405,782,4,1198,468
1924,230,7,2150,234
1421,604,5,1698,393
1480,191,6,847,163
1999,316,12,1571,253
1201,531,5,1864,347
1133,405,7,2422,288
629,13,4,1653,61
1519,872,5,1715,526
1886,923,8,2362,584
1318,857,4,1608,517
1192,813,10,428,458
1815,290,7,2402,258
1894,224,9,1510,212
1293,981,11,225,545
528,619,9,866,358
648,429,5,1673,274
1819,110,4,1327,137
510,972,11,1295,540
1175,530,11,1858,343
1636,582,12,316,358
686,318,9,1459,212
1306,667,4,1421,418
1243,948,12,931,531
1750,940,6,281,539
1833,519,9,433,334
597,72,12,610,75
554,642,6,482,356
1122,235,8,1996,192
1163,114,8,431,119
1257,983,10,1288,564
905,781,7,1365,448
568,870,7,999,485
1835,434,10,741,292
1812,264,12,1350,221
1250,438,7,733,276
1671,443,7,2598,328
1990,216,9,295,180
1767,37,9,1993,120
1457,691,10,557,401
864,345,4,929,223
981,597,6,2404,391
700,637,12,2156,402
653,78,9,2908,130
1973,875,9,1324,540
572,755,8,986,423
1212,522,6,492,326
795,176,8,1775,154
1540,873,4,2546,548
1740,739,6,2478,488
560,794,7,2627,479
1438,377,8,2281,290
541,260,12,1015,176
524,868,7,1034,477
1562,865,6,454,507
630,940,4,2731,544
1752,695,9,1621,451
607,179,10,2772,182
671,767,11,2437,465
1958,944,4,2972,591
601,99,7,728,83
1365,570,8,2779,390
1023,455,5,1270,300
774,303,4,426,194
1567,928,11,1538,547
1316,159,9,2357,171
1456,141,8,1521,157
1540,442,12,1226,303
829,68,5,2783,131
511,978,11,1880,553
1841,845,12,1631,520
715,208,4,2014,184
838,224,10,1332,177
1160,907,11,2056,531
1604,570,6,2575,397
873,481,7,492,281
1475,753,6,925,456
1209,256,10,2012,216
1723,391,12,2495,314
965,1000,6,149,541
1612,248,9,1496,215
1791,936,11,1150,552
988,376,9,899,249
546,177,5,1892,143
1811,569,10,2796,408
1277,60,5,1463,112
1539,820,5,2448,514
1210,619,5,1665,382
900,960,4,2313,562
1480,737,4,2463,473
1609,698,10,100,402
749,389,8,1119,250
890,483,6,1384,306
834,89,4,162,73
1128,706,9,2630,440
636,376,4,1969,265
1382,470,12,2369,329
1187,920,5,251,519
1326,548,4,743,347
1226,461,10,725,287
2000,473,9,316,310
1093,969,9,295,526
1746,487,8,1114,335
1489,935,7,2794,587
871,429,7,2855,310
1434,716,6,1621,446
1494,223,11,1678,201
901,378,10,1180,245
1966,863,12,1627,534
1114,123,4,821,126
1796,763,10,1707,485
1682,512,7,1859,360
1675,645,10,1662,407
1494,826,4,739,473
1119,597,8,2253,382
687,320,6,264,190
1621,478,8,314,313
630,833,7,1194,474
1304,717,5,189,420
1694,872,7,1895,525
1435,53,6,1351,99
1485,424,4,1202,283
682,707,11,707,393
1482,864,8,448,496
863,255,7,345,161
538,958,8,371,505
996,93,7,2130,120
1872,216,6,502,183
1481,160,8,1565,169
1420,677,7,1295,422
1920,537,4,1179,368
1221,174,6,1714,159
1684,926,11,1226,551
515,984,10,383,524
992,154,5,616,138
1949,46,4,2765,137
1631,342,6,1401,253
1393,412,8,711,275
1973,423,4,849,306
810,54,6,1392,80
1238,411,6,1956,294
1693,215,8,499,177
1045,71,6,1626,100
913,429,12,2124,286
750,877,4,2233,506
1258,477,7,419,301
1664,829,7,1155,492
1797,28,4,435,85
1939,374,5,2198,308
1562,309,4,273,223
1313,16,9,1741,93
528,770,6,600,429
1457,437,10,2223,322
976,126,8,2463,156
817,589,12,1956,359
744,516,10,1996,337
1247,555,7,1763,361
1196,715,8,1818,447
771,334,8,1878,232
1963,64,8,796,112
1762,787,12,831,474
876,51,6,1194,92
765,306,9,2813,245
1425,982,11,751,554
1420,240,12,1194,192
1882,462,10,145,293
839,899,6,1170,515
888,403,4,1545,263
1076,531,7,2296,352
502,367,9,555,227
1952,996,6,1762,606
1665,453,4,1065,300
875,137,9,2120,142
823,700,4,968,396
645,414,12,1628,274
792,401,4,1100,257
931,202,9,873,157
1204,613,4,2391,407
1448,890,10,2621,556
1084,752,6,2529,466
898,87,9,1226,102
1316,94,10,2636,156
1867,39,4,1160,99
1463,734,4,1777,449
1663,58,8,1643,115
686,786,9,496,434
560,154,12,2443,150
1438,78,4,206,105
1903,67,7,1053,116
1209,706,11,2677,448
1306,583,12,1948,375
1963,488,6,1033,334
1842,829,5,387,492
1825,454,7,805,311
1867,305,5,2143,258
510,687,4,1584,397
1585,180,6,314,162
725,584,10,1404,345
1676,156,4,2879,186
1063,493,5,2077,336
1271,315,4,1582,230
1833,682,11,1924,450
1384,662,8,443,398
1766,855,11,293,493
1889,618,6,257,385
1853,455,10,564,311
1630,230,11,2251,228
725,564,9,2181,366
1324,954,10,2786,581
717,813,5,1849,477
1436,387,11,2472,305
1252,629,8,2838,416
1005,275,10,691,182
758,104,4,2288,125
553,271,8,2621,213
1570,834,4,1154,492
1226,906,11,983,523
1188,80,7,162,96
1622,963,7,1210,565
1543,228,5,403,187
918,542,8,1184,323
1189,101,4,495,108
1349,136,12,433,122
561,89,8,2933,129
1668,833,9,510,496
715,247,5,2431,200
502,992,4,565,541
659,381,7,179,223
1280,925,10,2931,569
1643,495,9,1200,332
1392,703,4,2077,453
1612,34,4,832,100
828,165,11,1917,157
1079,526,7,1663,343
1880,641,8,1484,421
1790,798,10,2224,514
1451,539,11,2656,381
1846,952,10,1287,560
1134,719,5,1298,438
1487,66,7,2609,130
1718,614,4,1711,411
1420,28,12,2392,108
1237,393,6,221,241
1855,874,6,284,503
669,202,12,131,143
1020,246,6,1097,188
1986,396,11,2086,302
539,435,5,2909,292
1784,286,6,668,220
1918,236,5,2457,241
1454,754,4,1495,455
1749,561,5,1779,379
1483,332,11,929,234
1647,162,12,1719,166
1474,648,5,1179,400
537,246,10,890,176
827,64,8,2611,116
1774,989,6,2825,617
1699,445,12,2817,341
1413,693,9,2845,465
953,118,4,1093,122
536,875,8,177,466
1839,990,10,2681,611
1472,193,7,207,157
1295,960,11,1396,560
1472,377,8,2911,302
1092,992,12,2162,587
1637,207,12,469,169
1563,380,12,2352,303
1824,382,4,2104,296
723,982,5,1803,555
817,506,6,540,289
848,608,7,326,351
614,210,12,2675,178
1197,858,9,2501,524
1846,518,4,722,339
1563,331,12,1124,246
539,284,9,1676,201
1812,220,7,1743,204
1785,513,7,1284,344
715,912,6,260,497
1670,127,10,970,136
835,712,6,1845,429
1691,563,5,1274,374
591,51,11,543,69
852,324,7,1890,240
1070,797,11,1594,478
1315,338,4,562,232
1280,26,8,572,78
862,292,12,2704,237
1056,952,4,179,514
1868,267,7,1162,215
1693,584,9,339,364
855,583,11,656,331
690,621,6,689,356
921,28,8,1460,82
1199,538,10,1984,352
506,846,4,2075,498
632,432,10,1403,268
1056,475,11,1239,299
1325,382,11,2416,280
1260,767,12,2039,467
1554,772,9,434,448
1034,976,9,411,536
925,90,5,1176,101
1917,560,6,2841,405
1171,557,7,133,325
862,433,7,1941,286
1960,438,11,485,299
581,397,4,348,233
855,930,7,1234,530
1781,718,7,1533,446
1088,679,4,1302,399
794,213,6,893,155
1747,205,8,951,187
1569,737,9,475,444
1636,294,12,823,218
1756,978,12,1710,581
516,205,12,2013,167
859,316,4,301,198
1746,673,12,2592,460
1365,23,11,2042,98
1199,846,5,2444,524
947,155,4,1431,141
1355,947,4,592,530
864,66,9,437,71
1174,732,12,2068,462
1507,789,10,1965,496
1849,219,8,891,190
966,538,5,1616,335
913,807,4,2122,486
1978,353,5,2464,300
1085,724,4,1041,418
1756,620,6,2773,431
1747,288,9,2222,250
1493,218,11,158,166
1935,650,6,2533,438
1071,344,12,2162,257
834,297,8,1354,203
1745,261,10,2346,237
536,274,11,1477,194
1488,280,6,134,188
777,933,5,261,514
1719,929,5,2946,581
1415,709,8,994,428
983,428,4,570,271
1765,735,5,2678,477
1847,804,12,2939,529
1230,220,10,2999,218
691,374,9,1546,242
1540,85,12,447,113
1023,669,10,793,394
1417,330,8,1034,237
900,734,12,1012,423
1385,442,9,246,280
1204,118,9,1811,148
521,650,7,774,373
973,531,4,1539,342
1643,56,8,2834,145
709,388,12,1617,267
805,836,11,1379,481
1793,105,11,785,127
1203,967,8,1226,545
1186,112,12,220,109
784,901,6,2566,532
1215,863,6,2497,518
1262,155,4,141,133
1750,889,12,128,511
1447,951,9,1065,551
880,937,5,2015,538
959,36,11,2932,107
1530,741,12,2100,462
528,539,12,2161,336
1406,688,5,1019,409
1556,954,5,917,543
1378,998,10,2972,613
578,91,7,1608,110
1446,437,4,1312,299
958,593,11,971,352
1069,831,5,394,466
1953,488,6,963,326
1237,775,8,2695,493
1808,171,6,1137,181
1015,848,10,2782,513
1622,941,10,694,542
896,411,5,1282,259
538,517,10,1617,318
1794,47,9,1452,109
1386,964,12,713,545
1296,520,12,1972,350
656,402,5,1703,273
1598,722,10,1683,458
1383,503,8,1692,342
1653,209,9,1255,190
1473,264,4,564,194
1607,188,10,1579,189
1545,556,9,1390,367
1982,603,7,2946,439
1348,398,4,2542,291
1905,407,12,2393,316
1247,741,7,667,428
1963,167,5,137,158
1488,13,11,344,71
520,176,5,120,120
802,477,8,1233,296
1368,969,9,1729,573
583,418,11,493,251
1976,421,4,1533,317
1910,213,4,1086,190
1780,203,7,1771,195
1069,244,8,2155,204
1433,727,12,2475,465
1685,159,10,2010,189
1686,168,10,389,143
1508,288,11,1886,240
1292,825,8,2658,521
1291,413,8,1011,280
1794,902,4,460,522
991,687,12,1722,415
707,320,9,2863,251
1583,77,12,318,102
929,472,6,2553,328
1484,97,8,2115,136
1832,226,5,2140,211
1019,10,8,2144,97
1090,144,11,2900,168
1550,706,5,931,421
698,360,11,1893,242
886,149,7,1891,152
848,627,4,2941,416
1459,142,8,1343,144
1192,629,4,694,371
877,187,10,2254,168
1398,819,11,680,476
1415,367,6,2756,296
1026,389,6,1847,281
1676,917,10,2155,559
1233,880,7,2953,545
705,667,6,2336,408
954,459,11,180,267
1796,595,6,2255,405
1759,472,10,1444,335
1020,999,5,1702,579
1516,117,4,2833,175
1455,131,9,445,133
1225,26,11,1986,105
1513,205,4,2475,210
1000,336,12,654,226
616,327,6,401,205
885,818,6,299,456
1867,488,7,1162,342
1083,261,4,406,184
894,512,12,1756,319
1587,128,6,1971,158
1220,683,7,2615,437
571,719,4,2326,432
773,507,7,2792,351
1843,495,4,1946,352
837,54,8,1864,96
1889,323,8,375,228
1106,188,10,1275,164
665,903,11,1501,517
510,427,7,2768,299
1824,565,10,737,365
1228,792,7,1875,481
1300,87,6,1029,106
601,335,9,1980,238
1948,699,7,282,422
1915,366,6,1944,290
1278,425,12,171,273
713,972,8,2866,580
1611,524,10,1776,361
900,223,9,1395,171
1087,863,8,2873,534
1388,83,10,2416,132
1569,572,9,1143,357
1986,588,5,2725,421
1091,518,6,914,329
1833,341,5,1626,275
1609,102,6,2294,158
591,697,4,409,393
1172,666,11,2665,431
1213,528,9,2161,359
1435,278,5,231,189
741,385,11,1977,271
501,843,9,2902,505
724,13,10,2586,97
1300,147,4,2890,173
1088,240,10,839,174
615,609,6,894,355
1417,538,11,2410,361
1626,61,9,2790,154
693,655,7,357,368
1689,732,11,1357,457
1370,334,12,2556,260
589,979,5,1951,563
621,914,9,1074,512
642,740,8,1147,419
1493,726,8,370,434
605,732,6,1218,417
1386,286,11,241,192
927,545,11,1001,337
1828,495,8,373,321
816,525,11,2423,341
1134,161,11,564,139
508,964,6,1331,540
1273,492,5,1419,317
1596,268,12,387,193
1882,333,5,975,255
722,878,12,2092,516
1939,177,7,2327,200
1052,697,5,1220,421
1893,319,4,1314,257
1215,812,7,546,454
1787,488,12,2932,357
1841,65,12,2708,151
1607,629,7,2631,426
1841,482,12,2996,361
610,305,9,821,204
750,470,4,2263,321
882,333,9,2682,258
506,823,12,1451,463
958,855,5,506,479
1607,150,9,1825,175
707,676,5,793,392
1399,271,7,594,200
1913,794,11,1047,486
1837,429,10,122,287
521,753,12,1228,426
909,250,10,1798,193
1394,364,4,657,241
1014,858,5,1716,504
1650,779,9,1040,463
1308,770,10,1345,462
1373,598,6,1756,386
513,189,12,177,129
1470,75,10,1445,124
1477,829,9,906,492
1513,357,9,1141,264
1535,180,4,867,164
586,483,8,553,275
1408,543,6,2424,381
1824,376,10,1547,279
1766,116,6,1599,144
621,448,8,1150,274
1670,844,10,2661,532
1249,236,6,1988,212
1879,453,5,2611,352
1184,451,9,2954,329
808,405,11,2971,305
1194,737,7,462,420
787,590,12,2898,390
806,93,11,624,94
1413,624,10,1317,388
1161,560,10,1585,366
1048,22,6,2203,89
1875,818,9,1353,493
811,834,8,2636,501
1372,702,4,1955,438
1582,502,6,821,315
1423,277,4,2083,233
1254,534,7,1307,337
534,129,6,1548,112
944,979,7,1498,548
592,362,12,2188,244
1730,66,6,1607,132
852,49,9,1103,91
1402,895,9,2407,553
1855,345,10,2588,283
1361,649,12,1025,399
658,182,10,955,145
1456,556,4,183,340
523,268,11,2193,213
903,897,8,2587,540
1304,526,12,1642,344
1015,739,8,1085,422
1231,532,8,1968,359
1887,903,5,235,525
1905,848,6,1306,510
1031,126,12,1832,142
1455,193,10,1295,169
651,915,4,1008,498
1446,883,6,2935,556
1107,125,5,689,112
919,171,4,2051,156
1773,588,12,1055,377
1640,721,11,2837,476
1365,552,8,2686,383
1077,596,5,1243,356
834,246,4,1431,191
1941,848,10,2855,544
1431,75,5,1653,120
794,79,4,2442,129
1254,818,5,1906,491
1894,456,10,2200,348
685,425,10,905,260
1769,541,9,1555,368
1136,450,8,151,269
1791,747,6,2875,485
1760,955,6,171,550
1029,473,12,127,277
520,930,7,568,509
1410,405,12,863,273
1366,720,7,2694,456
1293,560,5,1524,354
599,666,7,2348,401
1251,566,9,919,356
977,404,9,1589,264
1821,335,8,1775,274
1439,902,4,659,524
1025,928,6,478,519
833,100,8,2018,130
501,759,9,1175,419
874,79,4,178,84
792,175,12,1508,161
1336,651,6,933,389
1504,223,6,1131,192
1052,861,5,2172,506
817,610,11,549,342
880,344,6,2915,275
513,773,9,2902,469
1003,378,5,2092,269
730,870,10,1584,504
1607,593,7,2345,404
629,686,12,1842,414
1337,58,12,2070,122
1668,61,10,2584,143
1390,298,11,1650,227
527,799,6,789,442
565,635,8,2090,385
1686,248,5,1501,209
1752,142,10,686,148
760,795,11,2251,480
1972,175,12,1929,202
1947,383,10,2085,293
959,382,11,726,239
800,814,12,2131,479
1418,487,9,2605,353
1826,764,5,463,447
786,488,5,2282,322
1918,841,7,473,492
1533,659,12,2186,422
1129,600,10,2087,391
769,691,5,2966,432
1091,644,11,2194,412
1343,697,10,2183,433
1361,309,12,2242,251
1884,91,11,1484,137
1780,96,6,1648,149
632,234,4,1269,172
1799,25,5,2040,110
1471,831,5,467,479
1012,367,7,164,230
812,172,9,853,136
1075,619,7,1643,379
1385,677,12,2135,430
1807,523,7,2963,382
1644,359,9,1976,279
1630,918,9,1678,560
1186,690,4,855,398
1727,473,11,2328,342
664,836,6,1624,489
804,846,9,696,468
655,384,6,2934,289
1890,101,5,2774,163
1119,190,8,1934,184
1774,752,4,2763,491
1456,310,12,1495,242
833,669,10,1686,398
1468,801,6,211,467
1010,198,7,552,145
1816,868,9,2903,561
1543,871,6,2731,551
781,323,10,2286,232
1296,502,9,1971,348
1524,932,12,2378,562
618,931,8,1362,526
1558,137,7,352,123
697,528,6,2104,342
984,435,4,1559,293
1582,568,6,2042,375
1336,574,6,2708,388
1684,196,10,1426,188
1508,559,10,2219,386
1190,462,4,1957,320
1729,480,6,2369,354
1535,997,11,1200,582
989,747,12,161,424
775,574,10,1594,345
1192,920,10,1280,526
741,233,11,905,176
1739,163,9,2272,194
1774,569,6,2888,406
625,360,4,1975,257
716,156,10,2308,163
1829,914,4,640,543
1708,585,4,725,365
1562,358,12,1714,275
1746,191,10,205,171
1707,646,7,1254,404
994,188,9,1808,165
926,48,4,2923,125
1701,781,10,2008,491
1418,903,9,2149,542
1951,12,7,2380,131
1817,73,10,468,101
650,38,6,1374,71
883,381,4,1045,254
807,532,7,2327,345
1859,106,6,392,135
1245,879,4,683,493
1391,451,5,2942,339
874,212,8,2322,181
1531,420,11,2270,308
1864,30,4,2374,131
628,560,7,2591,357
1514,744,7,2575,482
1168,111,8,864,121
1875,55,10,2779,140
1881,75,11,2212,149
1016,612,9,1404,381
585,173,4,1514,137
1698,980,10,527,556
1716,120,6,2765,185
810,347,9,2114,249
1642,132,11,2959,192
1741,714,10,206,420
926,456,9,758,272
1937,620,12,1282,401
613,300,12,2412,228
1668,680,4,1325,425
802,421,4,254,240
1243,624,4,995,376
1087,906,11,1621,529
1486,290,10,1720,243
844,52,6,1092,92
1313,495,5,2392,341
1300,605,7,1423,387
1524,972,6,1485,570
1670,712,10,2533,472
1810,60,11,2906,160
1576,907,9,2561,571
1827,219,6,1401,201
1592,135,9,2862,183
860,501,5,858,294
1743,518,10,846,341
1509,969,10,692,551
1203,979,7,1648,561
1074,590,11,2986,396
1684,786,7,115,451
1612,267,10,1092,215
1187,939,7,1168,543
1280,197,8,1444,179
1084,239,10,2798,213
1088,198,6,2295,192
1682,424,8,2502,315
988,19,6,802,74
1470,123,8,712,137
1847,85,6,204,109
1904,685,10,1597,433
1625,511,4,495,329
993,94,12,2753,145
518,58,12,2110,96
1977,504,8,950,349
896,847,12,2088,501
1500,698,9,541,418
1802,396,8,1768,296
1350,979,6,972,564
1888,398,11,766,282
1854,227,7,1151,201
1867,710,6,2941,486
1321,990,9,2622,590
954,355,11,727,222
1224,239,12,1528,202
1588,264,9,2649,238
1599,245,8,447,192
1210,35,5,1363,100
642,593,5,1117,353
1416,270,12,669,202
1327,775,5,2842,503
1104,280,5,2173,233
1996,132,6,2052,180
1940,665,6,2364,457
804,266,7,1451,195
1235,665,10,2984,444
790,430,12,2921,300
601,268,5,769,180
1790,957,7,817,555
1366,56,12,2457,135
1467,872,5,2746,535
1473,534,4,366,331
1341,897,11,1538,531
1461,217,12,2793,223
1441,320,10,1456,241
1526,756,11,1122,447
584,158,7,2137,140
827,843,7,2597,515
1315,447,5,664,295
1973,164,11,1370,180
953,687,5,1159,414
1128,99,12,1524,123
1744,707,7,127,409
1677,839,4,319,487
1164,367,7,505,239
511,183,6,1737,146
1656,226,9,1898,216
803,916,10,2418,531
1816,465,11,1859,325
1474,785,5,1774,483
1823,618,9,891,400
1282,638,9,1062,380
542,208,8,1409,159
1443,841,10,933,483
842,495,6,416,292
1849,542,7,1420,360
997,209,12,2485,199
863,380,7,1430,255
1390,968,6,450,535
926,862,5,610,479
1504,457,8,2672,342
520,257,7,591,161
906,797,11,2031,477
1118,273,10,1717,213
1514,67,9,2156,133
835,311,5,1620,231
1640,40,6,1683,103
1647,507,12,2708,370
898,258,12,2587,225
1292,614,8,1675,382
1214,786,6,2939,507
550,280,5,1861,202
823,615,11,2091,393
1288,675,9,1368,410
640,403,10,2180,275
969,806,4,1146,465
1286,511,4,2992,356
1857,601,5,2713,413
1463,813,6,148,460
1507,93,4,561,103
872,374,8,2737,285
993,895,6,435,499
1250,558,4,1481,359
1679,351,11,1245,256
790,848,9,458,462
1667,416,12,2493,309
605,434,6,292,246
1943,753,12,1539,471
1169,102,12,1500,123
501,857,4,855,467
1088,623,6,1784,384
1143,421,9,2625,316
589,441,11,927,272
1868,687,7,989,434
849,168,8,752,125
1982,23,12,2555,135
1786,382,9,2433,296
1874,234,10,2021,215
1631,514,10,950,330
1562,82,7,210,99
1408,258,7,719,196
658,520,7,892,316
1458,612,8,2197,402
811,225,8,1257,169
1764,982,11,687,573
944,611,12,2743,396
797,550,5,2817,374
1451,956,10,1409,553
535,826,4,2057,475
1607,948,4,2461,582
1975,997,7,2753,628
1908,229,10,396,195
1695,849,5,1729,526
1899,736,5,668,451
1885,230,4,1287,200
1058,398,5,931,264
1390,563,10,709,350
640,656,12,115,365
1386,51,9,1469,101
1641,685,5,171,408
1800,882,12,369,522
1225,292,10,386,207
1743,67,4,165,93
1549,823,12,979,497
1020,843,5,167,466
509,546,7,1316,317
1483,82,12,1502,119
877,894,7,1073,503
1181,932,6,607,522
1083,138,4,2984,174
651,608,10,1225,351
1219,851,9,985,495
1572,435,7,2941,332
1677,957,9,2569,591
1358,674,9,2087,434
1816,703,7,874,442
549,134,9,2625,143
1163,76,11,1025,106
1030,15,6,219,53
1583,646,7,2038,430
1690,323,4,587,226
1725,335,7,2225,278
1356,574,12,540,358
645,587,11,561,341
1414,835,7,711,483
1492,515,10,1417,350
1962,91,6,1759,146
741,608,12,1016,358
1080,11,7,2756,108
1186,213,5,105,149
982,671,8,780,399
1631,814,5,2418,505
1749,413,9,1743,301
1172,112,4,2958,157
1130,545,9,2706,361
1160,377,7,198,244
1161,221,6,625,162
1955,586,5,2341,407
1304,970,10,1280,561
918,218,12,1789,188
1487,772,6,1238,466
1978,906,9,495,527
1683,126,12,869,142
1149,637,5,1926,392
1468,758,10,1645,463
1089,487,8,2892,345
1600,114,8,782,133
1008,504,10,1656,334
940,780,12,114,426
1777,55,7,2515,148
1420,832,12,2785,528
1269,340,12,3000,269
1843,225,7,1336,197
762,991,6,2847,576
1897,969,5,104,560
1136,501,12,2378,349
1690,822,5,2008,514
958,931,9,1525,544
1498,854,8,1707,511
1803,458,8,2733,347
1199,545,7,268,321
801,520,9,2908,355
1741,467,8,891,320
1625,556,7,1099,351
1053,545,12,251,324
787,549,9,2371,362
1690,493,6,603,328
1120,985,9,1673,578
1505,25,4,2191,118
535,580,8,2844,382
1243,986,9,603,555
852,252,11,942,188
572,959,12,450,523
1147,216,6,2170,190
1876,921,5,1759,558
1593,280,7,697,204
924,770,11,1166,455
1498,788,11,2613,496
1207,714,6,139,405
1060,856,7,2450,518
1327,739,6,274,425
1455,124,5,1098,140
1016,589,7,1584,369
927,308,9,2768,238
659,846,8,1316,472
648,492,6,2391,330
1275,406,5,935,278
1753,403,12,2427,306
566,84,4,1159,93
1513,987,12,2704,594
880,491,4,997,296
557,112,10,1663,109
1782,306,9,1146,234
841,187,10,2866,185
1653,224,6,1031,201
1226,976,6,2238,580
1695,324,4,2537,280
1269,48,7,2697,135
1113,268,5,1351,201
1732,725,11,1325,454
853,16,6,1473,74
1994,58,10,1161,115
615,547,10,2880,369
1787,170,12,599,166
1161,878,9,1822,523
1965,185,4,2664,217
952,600,11,2215,388
2000,11,4,1863,103
786,904,6,2270,522
1826,464,8,1808,338
1516,937,11,435,530
810,653,12,1276,386
707,285,10,878,196
1117,507,12,1285,322
945,638,6,2033,407
1169,685,8,1566,416
1132,809,11,2570,501
554,37,4,1661,77
1411,342,11,1038,247
1535,10,10,903,88
1156,197,4,2035,186
1923,65,9,733,112
1479,556,4,1353,358
1014,121,5,1182,119
736,807,8,2243,477
1802,319,5,1385,248
847,45,4,453,61
1126,448,9,1259,302
1627,738,11,1985,467
1129,601,11,1918,382
1771,835,11,1066,505
863,604,9,2620,387
820,586,6,2577,376
785,334,4,2684,261
648,649,5,1269,380
1607,316,8,1647,246
905,543,8,2234,346
1477,737,4,208,427
955,628,4,1468,374
1299,118,12,1857,144
1684,381,5,1093,273
1512,366,10,1617,268
1283,190,7,1456,167
959,365,10,921,243
1237,685,11,1036,403
1008,77,8,2796,135
980,301,4,290,192
613,701,7,2096,422
1248,190,6,1032,160
860,475,8,241,275
840,443,9,1992,293
1269,473,5,2987,351
1260,690,10,2315,442
1468,923,6,665,523
948,543,4,1382,332
1334,75,6,1562,119
1703,30,12,1234,102
1930,621,9,843,392
1719,393,9,772,280
1989,821,7,2986,537
810,624,11,630,366
761,568,8,1413,342
1942,48,10,661,98
905,294,12,1633,210
642,831,8,2322,490
841,611,8,401,346
1839,606,7,284,377
1624,794,9,609,467
743,345,5,2966,265
989,197,6,1433,175
511,680,4,1469,391
1762,252,5,2303,227
1060,82,5,2934,150
541,488,11,894,295
1177,983,11,2579,597
1093,570,5,1623,363
1952,110,9,860,138
1681,523,8,2294,363
1739,765,6,2628,506
1985,185,8,534,168
633,247,8,1642,192
1590,919,8,2138,559
1530,68,6,1806,121
1447,874,6,168,492
572,108,7,1729,108
898,963,10,2004,556
1928,880,5,2333,563
1077,963,7,2829,573
1358,504,7,2351,342
629,956,4,653,524
1430,989,11,2160,582
1989,523,4,2813,390
1729,764,11,1397,471
765,306,10,2198,235
1292,220,12,599,162
752,132,11,2516,152
1321,238,8,2871,225
1812,603,11,2504,413
663,665,6,2994,425
594,397,10,1629,268
1332,149,7,2403,165
1633,550,8,1611,357
835,400,12,378,234
1321,279,10,1182,204
737,768,7,545,426
880,21,9,2260,101
1959,876,10,935,528
1398,398,12,854,261
982,346,7,1945,260
1401,515,6,1692,348
1548,115,11,1612,143
1640,41,4,1530,105
981,83,12,2514,140
1915,180,4,1183,186
1416,858,5,2476,524
1493,78,11,2875,146
1463,822,12,1690,494
1036,371,10,2008,276
1602,658,6,2867,435
1696,442,10,2331,330
1535,938,9,1122,540
627,109,5,2458,123
591,667,6,1661,387
1042,18,8,276,57
1345,583,7,946,357
1488,706,5,1348,435
946,38,7,1700,98
889,902,11,1704,531
1171,123,8,2075,157
542,471,8,2156,310
753,930,6,335,495
1653,152,11,809,157
1583,399,9,2832,321
1162,641,5,893,384
966,691,5,2955,452
786,166,12,2034,156
1510,344,10,1769,264
1990,870,12,126,508
1277,269,9,2697,244
844,91,8,1326,104
1141,763,4,184,422
881,450,9,1955,307
1189,954,9,2613,568
1776,181,6,1222,187
1579,240,6,1313,210
1986,729,6,111,429
956,84,6,1112,108
1482,279,10,1848,238
582,908,5,1976,529
1622,635,5,2719,437
648,71,6,1417,102
1852,883,10,1483,544
1679,329,6,1778,253
689,111,10,279,89
1382,438,12,896,292
762,883,7,1567,498
1603,731,10,2124,457
899,963,12,2588,565
1263,264,11,986,197
1108,541,11,2568,370
1783,579,12,1289,380
1284,121,8,1775,137
600,994,8,1619,564
1882,322,6,2615,272
1903,470,8,2860,358
1319,717,11,2532,456
1744,896,8,2461,562
1319,471,7,870,307
919,874,11,1378,501
623,101,10,1058,109
921,61,9,1016,87
1754,814,8,2170,506
1586,529,8,1881,364
1267,821,5,438,460
982,107,7,1616,134
1018,245,11,2970,224
654,910,11,2513,540
591,383,4,1495,250
1481,590,5,1014,366
954,936,8,1953,542
1097,566,12,574,339
1009,658,10,1546,397
1706,243,8,1479,217
885,41,4,1583,95
904,298,9,2174,220
745,647,11,2949,412
1241,588,10,900,356
1160,551,5,1346,340
1149,123,8,963,126
1994,213,7,2837,228
1946,38,12,1271,116
1400,652,4,838,393
564,483,9,1474,295
1536,706,6,2562,459
712,262,12,1081,189
741,807,8,2576,482
992,914,9,2188,543
1736,931,12,1111,551
837,395,12,2850,281
672,71,11,2226,113
1171,524,12,816,327
663,439,7,1907,278
964,589,9,2691,394
1494,546,8,1573,360
996,700,8,2621,435
1199,150,7,1265,145
894,752,5,2441,458
1202,309,9,709,218
807,684,12,2283,427
682,320,4,2631,233
1128,480,10,1912,321
1009,402,9,1435,265
1045,651,6,2961,417
1123,454,4,654,278
1093,767,7,1755,462
1243,818,12,1855,497
1750,181,5,145,160
1959,585,6,1359,385
1945,40,5,1171,106
1053,56,5,2345,115
520,139,11,2231,147
1053,361,6,642,236
896,987,10,1551,568
1124,854,11,2218,516
604,631,6,2667,390
691,590,5,2092,366
516,67,11,1012,86
1643,115,6,1168,145
892,821,10,2440,499
924,339,4,911,216
628,777,9,1588,446
1653,833,12,2008,519
1071,692,6,1673,424
528,392,10,966,242
1620,994,9,2527,611
1533,171,11,1866,180
741,295,6,2409,237
731,80,6,679,80
1288,776,7,2504,483
1807,463,6,1542,321
1214,895,12,797,501
1258,576,7,2076,386
1301,844,9,2590,522
1275,406,11,825,259
1225,524,11,385,308
699,35,8,1991,81
1444,322,8,669,224
578,135,9,2987,155
1455,417,10,2064,308
1355,574,10,1613,365
1696,207,7,597,167
966,820,9,2017,484
1080,197,10,804,152
1939,707,8,1456,450
1439,826,8,661,476
948,819,5,2098,486
586,725,10,131,400
600,493,9,142,280
1531,459,4,2016,322
1344,532,7,1474,340
1723,880,6,1945,541
586,363,6,658,217
542,995,10,2417,573
1908,667,7,1536,438
1958,606,11,1042,394
907,109,12,1698,123
1163,625,6,1470,385
1540,957,8,2028,576
647,567,7,1736,342
776,565,9,2184,364
731,287,7,191,176
865,702,11,1943,431
1751,708,6,284,431
935,999,8,827,563
898,635,4,1151,372
1734,500,9,1671,354
1914,264,8,2519,253
998,390,11,931,261
1039,901,12,444,498
1062,551,11,1542,353
941,273,11,1319,196
1784,619,6,2225,420
1272,834,7,266,465
849,888,7,363,489
1875,338,8,1595,276
1019,124,12,1331,138
1843,285,12,2871,266
637,497,4,1386,298
1491,290,11,1629,227
867,284,4,1908,217
1743,782,5,2659,503
1860,852,10,1977,532
1746,728,11,1849,454
859,905,4,2009,537
1420,337,6,2723,266
828,220,10,2869,197
1461,736,12,1435,456
962,932,11,1297,536
1445,561,11,2578,383
1462,35,12,867,90
1905,36,6,2610,142
1335,711,11,200,413
668,92,4,1832,115
716,905,11,2019,521
877,955,10,2391,569
618,691,11,1471,413
689,422,4,204,246
1266,176,9,793,147
869,709,10,1790,425
648,178,8,1410,145
1151,810,8,1170,472
1269,988,10,1166,570
873,238,6,917,180
1280,988,9,2368,597
659,618,10,1636,372
850,376,4,2291,270
1811,537,5,989,359
1811,800,7,1977,501
1391,656,11,1973,420
1749,547,9,889,351
1022,873,4,652,481
1021,533,8,943,329
1282,81,10,758,113
772,654,9,2984,421
1435,115,12,1118,140
1925,741,11,2053,482
682,894,7,1290,506
987,974,8,850,536
1345,698,10,2396,454
623,291,11,874,201
1484,142,8,2911,191
1289,543,12,1480,351
913,984,7,791,540
1695,278,7,2967,250
1811,421,11,818,288
1958,682,4,333,411
1185,628,11,2171,394
612,800,8,1504,453
1387,874,4,1105,507
621,756,7,1469,441
1745,27,5,1501,112
538,763,7,2669,456
996,126,11,2164,147
1279,807,8,2392,509
1756,803,4,2865,520
1442,153,10,2917,189
648,726,4,816,405
1920,560,12,1662,390
1521,938,6,1811,561
1160,675,6,1325,411
801,697,9,1371,417
1883,970,9,2265,606
737,762,9,108,418
1146,431,4,697,274
1162,907,8,122,492
735,378,9,2090,256
702,655,11,2387,397
755,567,4,1708,357
1097,59,8,2174,125
1161,687,6,1204,421
734,115,5,2346,143
1868,225,11,2922,240
1033,667,10,191,371
1359,932,10,950,537
1989,434,8,2082,325
1269,81,12,1207,104
1040,997,8,399,538
712,851,5,2443,504
962,794,6,2794,484
935,768,7,1577,450
782,455,8,1404,280
1986,934,6,1100,555
1930,195,10,1182,190
587,79,8,1465,105
1567,983,8,2900,603
960,159,9,2489,159
777,255,10,2209,208
920,783,11,875,440
1876,547,12,2772,402
1195,944,7,1552,544
1014,661,8,1781,411
1202,108,8,1851,142
518,919,11,2403,528
522,287,12,2975,226
912,572,10,1951,355
1553,672,8,1997,429
607,953,6,1829,548
1890,464,4,1427,320
1804,113,12,714,130
1651,955,8,344,541
1752,610,12,856,384
1634,662,7,923,399
635,734,8,2927,457
861,242,7,2879,223
1709,403,5,1946,304
628,510,4,1535,321
1784,704,11,1340,439
1014,260,7,615,183
948,530,8,573,308
1627,88,9,135,102
1747,61,11,1510,116
1373,907,11,1892,552
972,930,10,1834,540
1533,790,7,929,472
1928,235,9,1192,200
801,60,7,2513,123
730,195,10,1285,164
1422,43,4,1862,114
1589,812,8,1044,493
1436,751,7,1611,462
611,140,10,530,110
1536,641,12,2122,424
1916,452,8,958,317
999,847,7,329,471
1431,768,12,2517,482
1097,441,8,277,268
733,713,12,1533,412
1101,506,11,2715,349
813,412,7,1713,281
1065,332,10,2940,276
1535,219,8,1863,194
708,624,7,1874,389
1537,338,8,1074,245
1941,381,8,181,263
1960,469,12,945,325
1900,142,12,2909,203
1543,844,9,1316,506
1086,660,7,717,386
1514,130,5,2363,170
1593,615,6,2437,405
1734,461,5,544,302
1624,974,8,1022,559
1197,138,9,2699,166
631,100,8,292,88
1904,613,5,1762,407
1655,584,8,388,360
1543,38,12,2730,123
1035,731,7,1267,427
1513,533,5,1530,355
726,342,6,1934,234
1677,306,6,2070,255
1992,139,12,2928,197
1321,302,7,995,229
1370,182,4,1019,153
904,729,4,2711,464
701,953,10,2134,547
537,33,10,1652,69
1441,108,5,1800,140
687,415,12,2160,273
1580,365,12,1825,270
1440,148,8,2487,182
1543,512,6,1997,353
772,835,6,1899,481
1642,183,6,411,160
1082,38,9,2880,128
1015,940,7,1227,542
1744,505,11,438,327
1025,664,8,2447,428
835,837,4,458,461
1197,360,12,2316,275
1578,563,4,1272,367
999,308,9,2908,247
1399,729,4,867,436
1265,851,6,2189,508
1035,954,8,301,531
661,201,10,1792,175
1093,681,11,563,396
658,73,12,548,76
1711,764,9,1012,466
559,779,12,897,433
1414,673,11,893,416
1842,224,12,536,187
710,843,7,2016,502
905,175,12,1873,165
1163,552,10,630,342
1632,892,8,664,521
1599,241,8,1720,208
1041,803,4,1396,465
1837,550,5,312,355
1497,204,6,1048,172
1640,515,11,1227,342
1426,343,9,291,231
1367,777,8,1503,464
518,802,4,2090,463
931,313,12,1204,224
1239,842,6,804,489
1873,446,6,648,305
682,332,5,1961,244
612,511,7,253,286
1706,867,5,1765,526
980,923,12,670,509
1669,402,10,1884,298
1330,815,11,2387,500
1636,608,6,2521,418
1262,158,9,904,148
975,770,9,898,437
1262,842,4,710,489
1826,414,9,2835,327
1470,292,6,2921,265
1519,371,6,1906,282
1641,388,6,242,261
660,207,11,371,142
900,565,8,1655,345
697,365,7,2573,272
1783,549,12,2193,383
1159,438,12,2242,314
1570,26,4,2211,105
898,648,5,2560,411
577,388,11,558,224
623,689,8,1838,419
574,515,10,1532,320
636,765,4,2617,468
1101,908,8,2957,547
1923,85,6,605,129
1336,240,5,1809,199
999,725,5,1196,433
637,971,12,183,509
549,257,7,158,167
1472,311,7,1144,239
753,735,10,1581,429
1209,224,5,2304,211
1062,167,6,1452,157
1256,78,6,1696,121
1949,402,9,675,282
1046,94,6,2984,155
1825,276,8,779,211
1421,78,7,302,90
1080,620,6,1229,384
1872,356,11,417,248
548,971,6,1305,543
1416,737,9,1738,463
1597,936,10,1896,569
1203,682,10,505,394
760,432,5,2642,292
855,615,6,778,355
1783,183,7,1370,189
1137,686,10,1989,420
1242,124,5,1647,137
1818,229,6,1743,222
1509,965,10,1459,572
1430,40,10,1545,105
1140,532,6,934,333
1291,352,4,2341,274
1836,386,6,2455,306
1111,139,8,1768,155
1308,626,10,2030,400
1705,548,7,2653,389
1185,748,4,380,420
1887,11,9,2822,121
687,880,5,1913,501
1484,110,6,1032,139
1047,542,7,2862,372
1224,67,9,707,87
1425,398,9,582,256
1931,701,10,1346,452
1375,950,8,1872,566
1117,350,10,2264,259
913,870,5,291,473
1865,29,4,2935,142
1743,264,11,2765,249
1402,326,4,2117,266
662,47,5,2663,107
1743,669,9,406,410
769,546,4,631,325
1131,395,6,221,236
1405,642,10,2796,424
1923,937,11,691,553
1705,35,7,1575,111
704,463,6,158,268
1081,690,4,2448,441
1340,332,12,2700,271
1751,746,9,1673,464
1095,522,9,1240,322
749,828,12,1910,488
1374,782,4,1905,471
1964,22,9,498,85
695,924,8,2662,543
1189,917,9,2952,554
1593,569,11,2645,394
1138,930,8,1041,539
1922,834,5,627,492
1171,380,5,2545,279
1726,300,8,1874,244
1671,341,6,1521,266
1995,615,6,1769,413
1443,270,11,1650,224
698,799,10,535,442
1949,880,4,939,528
991,214,8,459,151
1395,706,12,1252,435
641,696,7,963,399
1836,959,4,2781,603
664,396,11,1750,264
813,901,8,1832,520
520,830,5,1345,476
1605,477,4,2361,348
1654,424,6,1015,291
1483,78,12,2739,155
804,481,4,1898,319
870,113,7,2282,129
1352,767,11,2901,493
883,170,11,485,134
